AUC,Brier,ECE10,LogLoss,PRAUC,SensAtFPR10,CalSlope,CalIntercept,AUC_lo,AUC_hi,AUC_percell_mean,AUC_percell_std,n_cells_valid,source,target,baseline,H,model
1.0,,,,1.0,1.0,,,0.9999999999999999,1.0,1.0,0.0,5,nasa,oxford,soh_dist,10,logistic_soh_dist
1.0,,,,1.0,1.0,,,0.9999999999999999,1.0,1.0,0.0,5,nasa,oxford,soh_dist,20,logistic_soh_dist
1.0,,,,1.0,1.0,,,0.9999999999999999,1.0,1.0,0.0,5,nasa,oxford,soh_dist,30,logistic_soh_dist
1.0,,,,1.0,1.0,,,0.9999999999999999,1.0,1.0,0.0,5,nasa,oxford,soh_dist,50,logistic_soh_dist
1.0,0.1790821765047418,0.3921977048614262,0.5448676140396927,1.0,1.0,471.3303605387561,-205.96651649004207,0.9999999999999999,1.0,1.0,0.0,5,nasa,oxford,soh_only,10,logistic_soh_only
1.0,0.22122633548856374,0.43430075146891867,0.6299892554637538,1.0,1.0,162.90963580222905,-131.49746728332383,0.9999999999999999,1.0,1.0,0.0,5,nasa,oxford,soh_only,20,logistic_soh_only
1.0,0.2645128334582275,0.4295986491744737,0.7192108695451306,1.0,1.0,348.42691453573497,-416.77001384406805,0.9999999999999999,1.0,1.0,0.0,5,nasa,oxford,soh_only,30,logistic_soh_only
1.0,0.3529075268258717,0.49865615515537676,0.9284871750459059,1.0,1.0,290.21504436934475,-548.3370199700638,0.9999999999999999,1.0,1.0,0.0,5,nasa,oxford,soh_only,50,logistic_soh_only
0.9843075927523728,0.6979379763692327,0.7183213748508968,7.852256518620736,0.9294595984540177,1.0,21.883268002617456,-302.8956061400053,0.9726009088479016,0.9998536299765808,0.9947368421052631,0.011768778828946298,5,nasa,oxford,cycle_only,10,logistic_cycle_only
0.9886755823986195,0.6958689803252652,0.7187751140852264,7.443025901448496,0.9647736220192759,1.0,228.88431494647742,-3162.514257957393,0.9827901563019621,0.9998536299765808,1.0,0.0,5,nasa,oxford,cycle_only,20,logistic_cycle_only
0.9886755823986195,0.6990169030130469,0.7216245412309393,7.413086316890743,0.964773622019276,1.0,23.53309475200058,-325.4823127697856,0.9827901563019621,0.9998536299765808,1.0,0.0,5,nasa,oxford,cycle_only,30,logistic_cycle_only
0.9886755823986195,0.702510574227326,0.7252705923664012,7.191672898715988,0.9647736220192759,1.0,44.055734215492784,-608.8649847679158,0.9827901563019621,0.9998536299765808,1.0,0.0,5,nasa,oxford,cycle_only,50,logistic_cycle_only
0.9898619499568593,0.6740844317382206,0.7020929551835102,6.83528787413041,0.9704207977057077,1.0,104.84571665747882,-1448.620655736668,0.9840372464250083,1.0,1.0,0.0,5,nasa,oxford,soh_cycle,10,logistic_soh_cycle
0.9904012079378774,0.6408034655015419,0.6828406392818879,4.725493089871493,0.9717317414150998,1.0,2.2424155376095607,-29.178489196783108,0.9845360824742269,1.0,1.0,0.0,5,nasa,oxford,soh_cycle,20,logistic_soh_cycle
0.9921807592752373,0.5970183663990607,0.6563525307733803,2.982782495057714,0.9768446586634465,1.0,2.162837267873895,-18.61935201796227,0.9870302627203192,1.0,1.0,0.0,5,nasa,oxford,soh_cycle,30,logistic_soh_cycle
0.031924072476272644,0.2611422357870412,0.33126419377543925,1.2324632440229828,0.13206274722536165,0.0,-2.4865951832812208,-9.290394624200946,0.006677018633540372,0.0903781979977753,0.1703174603174603,0.37686113281827743,5,nasa,oxford,soh_cycle,50,logistic_soh_cycle
0.5,0.2375,0.2375,3.281184520016896,0.2375,0.0,0.08398902762068323,-0.006079328982569948,0.5,0.5,0.5,0.0,5,nasa,oxford,sensors,10,logistic_sensors
0.5,0.2375,0.2375,3.281184520016896,0.2375,0.0,0.08398902762068323,-0.006079328982569948,0.5,0.5,0.5,0.0,5,nasa,oxford,sensors,20,logistic_sensors
0.527232528041415,0.2375,0.2375,3.281184520016896,0.31755513156555326,0.27631578947368424,0.08398902762068323,-0.006079328982569948,0.0515954332552693,0.8327496552591028,0.4899822963264138,0.42057684164671394,5,nasa,oxford,sensors,30,logistic_sensors
0.5,0.7625,0.7625,10.534327037925948,0.2375,0.0,-0.08398902762085624,-0.006079328982595122,0.5,0.5,0.5,0.0,5,nasa,oxford,sensors,50,logistic_sensors
0.5,0.7625,0.7625,10.534327037925948,0.2375,0.0,-0.08398902762085624,-0.006079328982595122,0.5,0.5,0.5,0.0,5,nasa,oxford,full,10,logistic_full
0.5,0.7625,0.7625,10.534327037925948,0.2375,0.0,-0.08398902762085624,-0.006079328982595122,0.5,0.5,0.5,0.0,5,nasa,oxford,full,20,logistic_full
0.5,0.7625,0.7625,10.534327037925948,0.2375,0.0,-0.08398902762085624,-0.006079328982595122,0.5,0.5,0.5,0.0,5,nasa,oxford,full,30,logistic_full
0.5,0.7625,0.7625,10.534327037925948,0.2375,0.0,-0.08398902762085624,-0.006079328982595122,0.5,0.5,0.5,0.0,5,nasa,oxford,full,50,logistic_full
1.0,,,,1.0,1.0,,,0.9999999999999999,1.0,1.0,0.0,5,calce,oxford,soh_dist,10,logistic_soh_dist
1.0,,,,1.0,1.0,,,0.9999999999999999,1.0,1.0,0.0,5,calce,oxford,soh_dist,20,logistic_soh_dist
1.0,,,,1.0,1.0,,,0.9999999999999999,1.0,1.0,0.0,5,calce,oxford,soh_dist,30,logistic_soh_dist
1.0,,,,1.0,1.0,,,0.9999999999999999,1.0,1.0,0.0,5,calce,oxford,soh_dist,50,logistic_soh_dist
1.0,0.6299680321389991,0.6852084549792273,1.9156806481246929,1.0,1.0,425.77540493816156,-1401.4803781331273,0.9999999999999999,1.0,1.0,0.0,5,calce,oxford,soh_only,10,logistic_soh_only
1.0,0.6400969886582278,0.6914712554604556,1.980028923958186,1.0,1.0,430.1826379209483,-1454.113101492519,0.9999999999999999,1.0,1.0,0.0,5,calce,oxford,soh_only,20,logistic_soh_only
1.0,0.6494280725517553,0.6972515155078514,2.045667128438985,1.0,1.0,386.6921093937683,-1345.3894773497047,0.9999999999999999,1.0,1.0,0.0,5,calce,oxford,soh_only,30,logistic_soh_only
1.0,0.6673526903654877,0.7081868484260871,2.187706789033791,1.0,1.0,127.00697376051622,-469.06419042873284,0.9999999999999999,1.0,1.0,0.0,5,calce,oxford,soh_only,50,logistic_soh_only
0.7561475409836066,0.7289807533343277,0.7386753100653084,9.205923035200808,0.38974358974358975,0.013157894736842105,10.958258797472164,-152.30497079191315,0.7323420074349443,0.7802690582959642,0.7589587533728547,0.029355368208340445,5,calce,oxford,cycle_only,10,logistic_cycle_only
0.7561475409836066,0.7306216235530762,0.7402334629865313,9.216568601886447,0.38974358974358975,0.013157894736842105,9.169395852289519,-127.59088952375095,0.7323420074349443,0.7802690582959642,0.7589587533728547,0.029355368208340445,5,calce,oxford,cycle_only,20,logistic_cycle_only
0.7561475409836066,0.7321644764619654,0.74160371408647,9.236632464690501,0.38974358974358975,0.013157894736842105,11.421064124501678,-158.69883459003313,0.7323420074349443,0.7802690582959642,0.7589587533728547,0.029355368208340445,5,calce,oxford,cycle_only,30,logistic_cycle_only
0.7561475409836066,0.7352432021308701,0.7442504272353764,9.28092374535268,0.38974358974358975,0.013157894736842105,26.37098956040729,-365.2396404352075,0.7323420074349443,0.7802690582959642,0.7589587533728547,0.029355368208340445,5,calce,oxford,cycle_only,50,logistic_cycle_only
0.7971311475409836,0.7243192497430707,0.7352790063902341,9.014890042252302,0.4342857142857143,0.19736842105263158,53.99790233975101,-746.8652037523548,0.7695167286245352,0.8251121076233184,0.8003921539125114,0.03405222712167492,5,calce,oxford,soh_cycle,10,logistic_soh_cycle
0.7971311475409836,0.7265305887595486,0.7372922500184687,9.042771949789506,0.4342857142857143,0.19736842105263158,186.66561600009,-2579.7429661540054,0.7695167286245352,0.8251121076233184,0.8003921539125114,0.03405222712167492,5,calce,oxford,soh_cycle,20,logistic_soh_cycle
0.7971311475409835,0.7281285836816787,0.7387374854124776,9.058525392683208,0.4342857142857143,0.19736842105263158,346.5314860284424,-4788.38550483078,0.7695167286245354,0.8251121076233183,0.8003921539125114,0.03405222712167492,5,calce,oxford,soh_cycle,30,logistic_soh_cycle
0.7971311475409836,0.7316259348407452,0.7417569652016505,9.104069763687766,0.4342857142857143,0.19736842105263158,10.877527077800504,-151.16279519998017,0.7695167286245352,0.8251121076233184,0.8003921539125114,0.03405222712167492,5,calce,oxford,soh_cycle,50,logistic_soh_cycle
0.5,0.2375,0.2375,3.281184520016896,0.2375,0.0,0.08398902762068323,-0.006079328982569948,0.5,0.5,0.5,0.0,5,calce,oxford,sensors,10,logistic_sensors
0.5,0.2375,0.2375,3.281184520016896,0.2375,0.0,0.08398902762068323,-0.006079328982569948,0.5,0.5,0.5,0.0,5,calce,oxford,sensors,20,logistic_sensors
0.5,0.2375,0.2375,3.281184520016896,0.2375,0.0,0.08398902762068323,-0.006079328982569948,0.5,0.5,0.5,0.0,5,calce,oxford,sensors,30,logistic_sensors
0.5,0.2375,0.2375,3.281184520016896,0.2375,0.0,0.08398902762068323,-0.006079328982569948,0.5,0.5,0.5,0.0,5,calce,oxford,sensors,50,logistic_sensors
0.5,0.2375,0.2375,3.281184520016896,0.2375,0.0,0.08398902762068323,-0.006079328982569948,0.5,0.5,0.5,0.0,5,calce,oxford,full,10,logistic_full
0.5,0.2375,0.2375,3.281184520016896,0.2375,0.0,0.08398902762068323,-0.006079328982569948,0.5,0.5,0.5,0.0,5,calce,oxford,full,20,logistic_full
0.5,0.2375,0.2375,3.281184520016896,0.2375,0.0,0.08398902762068323,-0.006079328982569948,0.5,0.5,0.5,0.0,5,calce,oxford,full,30,logistic_full
0.5,0.2375,0.2375,3.281184520016896,0.2375,0.0,0.08398902762068323,-0.006079328982569948,0.5,0.5,0.5,0.0,5,calce,oxford,full,50,logistic_full
1.0,,,,1.0,1.0,,,0.9999999999999999,1.0,1.0,0.0,5,nasa+calce,oxford,soh_dist,10,logistic_soh_dist
1.0,,,,1.0,1.0,,,0.9999999999999999,1.0,1.0,0.0,5,nasa+calce,oxford,soh_dist,20,logistic_soh_dist
1.0,,,,1.0,1.0,,,0.9999999999999999,1.0,1.0,0.0,5,nasa+calce,oxford,soh_dist,30,logistic_soh_dist
1.0,,,,1.0,1.0,,,0.9999999999999999,1.0,1.0,0.0,5,nasa+calce,oxford,soh_dist,50,logistic_soh_dist
1.0,0.5573431443822313,0.6381241960134851,1.5526642491692009,1.0,1.0,420.76311266385363,-1167.8426046640068,0.9999999999999999,1.0,1.0,0.0,5,nasa+calce,oxford,soh_only,10,logistic_soh_only
1.0,0.5751812178573932,0.6502685513635355,1.6327980907874688,1.0,1.0,415.3183039697398,-1209.5392064713267,0.9999999999999999,1.0,1.0,0.0,5,nasa+calce,oxford,soh_only,20,logistic_soh_only
1.0,0.59027334603762,0.6604940335358755,1.7093888403487973,1.0,1.0,404.83835361413355,-1238.2525968529621,0.9999999999999999,1.0,1.0,0.0,5,nasa+calce,oxford,soh_only,30,logistic_soh_only
1.0,0.6180129014252438,0.6787025098560534,1.8687356772589723,1.0,1.0,388.8436652806588,-1304.0412685688996,0.9999999999999999,1.0,1.0,0.0,5,nasa+calce,oxford,soh_only,50,logistic_soh_only
0.7663934426229508,0.7262857879512261,0.7366101822004059,9.118660122010958,0.4,0.013157894736842105,34.427713560786025,-476.5205778668857,0.741635687732342,0.7914798206278026,0.7693171035077688,0.030529582936674057,5,nasa+calce,oxford,cycle_only,10,logistic_cycle_only
0.7868852459016393,0.7281121049363539,0.7385423713159341,9.10190786410117,0.4222222222222222,0.013157894736842105,17.13893402452819,-237.6673194885674,0.7602230483271375,0.8139013452914798,0.7900338037775972,0.03287801239334132,5,nasa+calce,oxford,cycle_only,20,logistic_cycle_only
0.7868852459016393,0.7297614176394566,0.7400573383731718,9.114112539893146,0.4222222222222222,0.013157894736842105,11.765013776003375,-163.4239189790128,0.7602230483271375,0.8139013452914798,0.7900338037775972,0.03287801239334132,5,nasa+calce,oxford,cycle_only,30,logistic_cycle_only
0.7868852459016393,0.7329396018294203,0.7428894287279267,9.135616124944763,0.4222222222222222,0.013157894736842105,10.424268519206976,-144.90078407062924,0.7602230483271375,0.8139013452914798,0.7900338037775972,0.03287801239334132,5,nasa+calce,oxford,cycle_only,50,logistic_cycle_only
0.7971311475409836,0.722933219921939,0.7341281912903209,8.986968174605408,0.4342857142857143,0.19736842105263158,25.569322552108495,-354.1098760985758,0.7695167286245352,0.8251121076233183,0.8003921539125114,0.03405222712167492,5,nasa+calce,oxford,soh_cycle,10,logistic_soh_cycle
0.8176229508196722,0.7239675247197801,0.7355800166400472,8.925826742580298,0.46060606060606063,0.34210526315789475,212.9170487344942,-2942.3917761417315,0.7881040892193308,0.8475336322869955,0.8211088541823397,0.036400656578342176,5,nasa+calce,oxford,soh_cycle,20,logistic_soh_cycle
0.8258196721311475,0.72477900168786,0.7365452346972963,8.890712851428514,0.4720496894409938,0.34210526315789475,18.210005424765928,-252.4088615161646,0.79182156133829,0.8587443946188341,0.8297128183523418,0.04061915541265518,5,nasa+calce,oxford,soh_cycle,30,logistic_soh_cycle
0.846311475409836,0.7266041038880136,0.7385445980810497,8.825781448717171,0.5033112582781457,0.6842105263157895,40.69310120442326,-562.9951013848738,0.8104089219330854,0.8811659192825112,0.85042951862217,0.04296313238346572,5,nasa+calce,oxford,soh_cycle,50,logistic_soh_cycle
0.5,0.2375,0.2375,3.281184520016896,0.2375,0.0,0.08398902762068323,-0.006079328982569948,0.5,0.5,0.5,0.0,5,nasa+calce,oxford,sensors,10,logistic_sensors
0.5,0.2375,0.2375,3.281184520016896,0.2375,0.0,0.08398902762068323,-0.006079328982569948,0.5,0.5,0.5,0.0,5,nasa+calce,oxford,sensors,20,logistic_sensors
0.5,0.2375,0.2375,3.281184520016896,0.2375,0.0,0.08398902762068323,-0.006079328982569948,0.5,0.5,0.5,0.0,5,nasa+calce,oxford,sensors,30,logistic_sensors
0.5,0.2375,0.2375,3.281184520016896,0.2375,0.0,0.08398902762068323,-0.006079328982569948,0.5,0.5,0.5,0.0,5,nasa+calce,oxford,sensors,50,logistic_sensors
0.5,0.7625,0.7625,10.534327037925948,0.2375,0.0,-0.08398902762085624,-0.006079328982595122,0.5,0.5,0.5,0.0,5,nasa+calce,oxford,full,10,logistic_full
0.5,0.7625,0.7625,10.534327037925948,0.2375,0.0,-0.08398902762085624,-0.006079328982595122,0.5,0.5,0.5,0.0,5,nasa+calce,oxford,full,20,logistic_full
0.5,0.7625,0.7625,10.534327037925948,0.2375,0.0,-0.08398902762085624,-0.006079328982595122,0.5,0.5,0.5,0.0,5,nasa+calce,oxford,full,30,logistic_full
0.5,0.7625,0.7625,10.534327037925948,0.2375,0.0,-0.08398902762085624,-0.006079328982595122,0.5,0.5,0.5,0.0,5,nasa+calce,oxford,full,50,logistic_full
0.8981030716001872,,,,0.627925440869886,0.66015625,,,0.8223790258991296,0.9998844338253993,0.9998815392881036,0.0006870396088270839,40,nasa,severson,soh_dist,10,logistic_soh_dist
0.9124211404041266,,,,0.6424336090200906,0.7136437908496732,,,0.8359667987055086,0.9984962002605907,0.9998963792680515,0.0006041578434540135,40,nasa,severson,soh_dist,20,logistic_soh_dist
0.9207251306652542,,,,0.6232702496691654,0.7517556179775281,,,0.8461371053266272,0.9952264786365521,0.9999084166578094,0.0005411260645715683,40,nasa,severson,soh_dist,30,logistic_soh_dist
0.9264276285801548,,,,0.5696534785366404,0.7985197368421053,,,0.8585463303727678,0.9852485457235693,0.9998824235344479,0.00048006807082087623,40,nasa,severson,soh_dist,50,logistic_soh_dist
0.8981030716001872,0.09396056140907245,0.28479491234437004,0.3588792935538034,0.627925440869886,0.66015625,3.8029471900378864,-2.1779772078357906,0.8223790258991296,0.9998844338253993,0.9998815392881036,0.0006870396088270839,40,nasa,severson,soh_only,10,logistic_soh_only
0.9124211404041266,0.12801111117408023,0.334113726479106,0.4373968799965333,0.6424336090200906,0.7136437908496732,3.7524165175476885,-3.1723741921984936,0.8359667987055086,0.9984962002605907,0.9998963792680515,0.0006041578434540135,40,nasa,severson,soh_only,20,logistic_soh_only
0.9207251306652542,0.15174570079888608,0.36185317118632443,0.4889650584876267,0.6232702496691654,0.7517556179775281,3.294659088035236,-3.8223568546953195,0.8461371053266272,0.9952264786365521,0.9999084166578094,0.0005411260645715683,40,nasa,severson,soh_only,30,logistic_soh_only
0.9264276285801548,0.20356850644399396,0.4194378843137367,0.6018765720225755,0.5696534785366404,0.7985197368421053,2.6191456800915245,-4.4943397290735,0.8585463303727678,0.9852485457235693,0.9998824235344479,0.00048006807082087623,40,nasa,severson,soh_only,50,logistic_soh_only
0.7345560039738862,0.5753605148829952,0.7073053633554149,2.216294019784657,0.0355627043831913,0.2900390625,0.21467773117501246,-4.5908458899961735,0.5994326073711947,0.8177574922788666,1.0,0.0,40,nasa,severson,cycle_only,10,logistic_cycle_only
0.7133660806816285,0.5673657626141074,0.7091968202879069,1.9760281208220543,0.0382649629978483,0.2589869281045752,0.236756336185628,-4.363962023254767,0.5906710206700662,0.7984605011567395,1.0,0.0,40,nasa,severson,cycle_only,20,logistic_cycle_only
0.6968682004016076,0.5859460524590988,0.7244323791712396,2.025252523837137,0.04115008073567925,0.23665730337078653,0.22596208213516625,-4.195753414964982,0.5838251714001755,0.7815973750677292,1.0,0.0,40,nasa,severson,cycle_only,30,logistic_cycle_only
0.6716679968042097,0.6074881024842412,0.7422751883003823,2.0203982738470554,0.0471065501274411,0.20257675438596492,0.21725661703705745,-3.9077134133454683,0.5718761281024733,0.757994350282689,1.0,0.0,40,nasa,severson,cycle_only,50,logistic_cycle_only
0.8154501590040716,0.44896947403237925,0.6118971732491267,1.4636399481052937,0.04586191692497288,0.3427734375,0.39293764196096787,-4.701448300757509,0.7475611613874263,0.8619008600770733,0.9999963693993793,1.6027313775098715e-05,40,nasa,severson,soh_cycle,10,logistic_soh_cycle
0.8646964184076953,0.35012799826210994,0.544794335160421,0.9990702919714434,0.07096318417732594,0.3415032679738562,0.7983443829346433,-4.648036250131731,0.8344345118012535,0.9015280386670191,0.9999929657477787,2.7772396088595416e-05,40,nasa,severson,soh_cycle,20,logistic_soh_cycle
0.904051801429305,0.28176493272041936,0.4905878685376526,0.7883886313568794,0.1345521469804172,0.6576544943820225,1.5230935000411565,-4.798423658182886,0.8649220058445564,0.9548549393570046,0.9999863651769498,5.7365844003988264e-05,40,nasa,severson,soh_cycle,30,logistic_soh_cycle
0.8177711878348364,0.12628398690176618,0.32197429056440535,0.43255275312992314,0.6259551211930223,0.778234649122807,2.7398186241689446,-3.0282008880273623,0.6134260629273908,0.9939330133379626,0.9792840134676425,0.1302292716518965,40,nasa,severson,soh_cycle,50,logistic_soh_cycle
0.3510246397217888,0.03604919626350705,0.11237145394643852,0.20930808234992376,0.019918894006130287,0.087890625,-0.774641773334795,-6.219009528753813,0.015682104109005862,0.5934386079744244,0.01344953691024428,0.03046559665710508,40,nasa,severson,sensors,10,logistic_sensors
0.30059244127152107,0.03625380631526937,0.10017311932598964,0.21424630719157645,0.019441846308291245,0.07475490196078431,-0.9671883182358061,-6.656508799031103,0.015001043799111028,0.5486957715925096,0.00850506156893665,0.027461914699585227,40,nasa,severson,sensors,20,logistic_sensors
0.2630174761201356,0.024067176710079793,0.01154345899894863,0.16435935217314226,0.01847412558601041,0.051615168539325844,-1.1121470396643418,-9.518453788094574,0.016337276834667715,0.5046523266566865,0.0046659864824266355,0.01733362705803218,40,nasa,severson,sensors,30,logistic_sensors
0.21111892815615618,0.03149254779347259,0.03133438263133889,0.31766038301334404,0.019148837839766793,0.007401315789473684,-1.1277937324109761,-13.829144141871147,0.021742015657964752,0.41652749737265976,0.0017621879003422748,0.010921082730555021,40,nasa,severson,sensors,50,logistic_sensors
0.8943254417387578,0.017395892661453048,0.01739541417566488,0.23994969665277296,0.08487915745338954,0.5166015625,0.2906444543248513,-0.020959863902312043,0.8691924225860095,0.9339414612541633,0.9994983464689877,0.0014832106342533738,40,nasa,severson,full,10,logistic_full
0.822689399808697,0.020793028925551876,0.020791367818855645,0.2483745477411004,0.48195080503051796,0.7066993464052288,1.8280698039301866,20.119806001772947,0.6751923459150178,0.9948689263296557,0.9793886236244547,0.12749237394517415,40,nasa,severson,full,20,logistic_full
0.7531317885953115,0.02419111970114857,0.02419071718186122,0.3285830804524027,0.5500753912970342,0.7099719101123596,5.499698083807751,72.10843330827335,0.5093888604905372,0.9958952690942094,0.9741213873220754,0.1556181015120543,40,nasa,severson,full,30,logistic_full
0.7454780802098602,0.03098641870407817,0.03098628155163117,0.42809429007641275,0.5431873110735357,0.6307565789473685,0.24790090731963776,-0.017951191605119394,0.5244832338615872,0.9591137399711533,0.9358408680242837,0.1725888106068878,40,nasa,severson,full,50,logistic_full
0.8981030716001872,,,,0.627925440869886,0.66015625,,,0.8223790258991296,0.9998844338253993,0.9998815392881036,0.0006870396088270839,40,calce,severson,soh_dist,10,logistic_soh_dist
0.9124211404041266,,,,0.6424336090200906,0.7136437908496732,,,0.8359667987055086,0.9984962002605907,0.9998963792680515,0.0006041578434540135,40,calce,severson,soh_dist,20,logistic_soh_dist
0.9207251306652542,,,,0.6232702496691654,0.7517556179775281,,,0.8461371053266272,0.9952264786365521,0.9999084166578094,0.0005411260645715683,40,calce,severson,soh_dist,30,logistic_soh_dist
0.9264276285801548,,,,0.5696534785366404,0.7985197368421053,,,0.8585463303727678,0.9852485457235693,0.9998824235344479,0.00048006807082087623,40,calce,severson,soh_dist,50,logistic_soh_dist
0.8981030716001872,0.6858599223255532,0.8184406949436752,1.81674035905576,0.627925440869886,0.66015625,3.1286488336951765,-10.818583910953057,0.8223790258991296,0.9998844338253993,0.9998815392881036,0.0006870396088270839,40,calce,severson,soh_only,10,logistic_soh_only
0.9124211404041266,0.7040074167325602,0.8279464368510071,1.8871126395842217,0.6424336090200906,0.7136437908496732,3.369154061564295,-11.53272198104089,0.8359667987055086,0.9984962002605907,0.9998963792680515,0.0006041578434540135,40,calce,severson,soh_only,20,logistic_soh_only
0.9207251306652542,0.7194040003277195,0.8356059855352147,1.9524535100353193,0.6232702496691654,0.7517556179775281,3.456562221577167,-11.894668224277462,0.8461371053266272,0.9952264786365521,0.9999084166578094,0.0005411260645715683,40,calce,severson,soh_only,30,logistic_soh_only
0.9264276285801548,0.7495485427344646,0.8501239134832119,2.095637336853856,0.5696534785366404,0.7985197368421053,3.3577518792444105,-11.94228435768214,0.8585463303727678,0.9852485457235693,0.9998824235344479,0.00048006807082087623,40,calce,severson,soh_only,50,logistic_soh_only
0.7345560039738862,0.7867759373662432,0.8518579389346193,5.481083956024638,0.0355627043831913,0.2900390625,0.1795912361669577,-5.334607366539282,0.5994326073711947,0.8177574922788666,1.0,0.0,40,calce,severson,cycle_only,10,logistic_cycle_only
0.7133660806816285,0.7952390023631773,0.8586225193126138,5.529465812412588,0.0382649629978483,0.2589869281045752,0.15858522755937343,-4.970333510300812,0.5906710206700662,0.7984605011567395,1.0,0.0,40,calce,severson,cycle_only,20,logistic_cycle_only
0.6968682004016076,0.8029494488292787,0.8641786882966702,5.614354199132622,0.04115008073567925,0.23665730337078653,0.14533893023097913,-4.720038857460147,0.5838251714001755,0.7815973750677292,1.0,0.0,40,calce,severson,cycle_only,30,logistic_cycle_only
0.6716679968042097,0.8179836095010911,0.8743049010366253,5.800121628073812,0.0471065501274411,0.20257675438596492,0.12479042771219531,-4.324989264046341,0.5718761281024733,0.757994350282689,1.0,0.0,40,calce,severson,cycle_only,50,logistic_cycle_only
0.7852514825927551,0.7460632351218133,0.8220978175880054,4.740579936216266,0.041035386609146386,0.310546875,0.2185690080065075,-5.496679595751912,0.6915240690118684,0.8450888666185071,0.9999994692009139,3.357068184506651e-06,40,calce,severson,soh_cycle,10,logistic_soh_cycle
0.7643090649542723,0.7592571549849606,0.8328814445254324,4.846022879890524,0.04414018409938298,0.2785947712418301,0.19945131359155738,-5.171803903480489,0.6739373752296062,0.8293744829810197,1.0,0.0,40,calce,severson,soh_cycle,20,logistic_soh_cycle
0.7512244014544018,0.767214867216143,0.8390593129991394,4.907243589731035,0.047927874617323424,0.25491573033707865,0.18796972700755943,-4.9334408937058445,0.6665338577058846,0.8165673625881207,1.0,0.0,40,calce,severson,soh_cycle,30,logistic_soh_cycle
0.7249998875452759,0.7857057073187943,0.8524715261841815,5.086402877467564,0.05451957571781136,0.22094298245614036,0.16652565939798694,-4.53969077398676,0.6466281581875604,0.7928634804677182,0.9999966451734092,1.025133673334256e-05,40,calce,severson,soh_cycle,50,logistic_soh_cycle
0.4987460085210082,0.9826041158265656,0.9826041160298044,13.575117829863926,0.017353428280640674,0.0,-0.290450833226764,-0.021023938311113075,0.4955618048141795,0.5038739644166673,0.5000470551679055,0.0002107283090460447,40,calce,severson,sensors,10,logistic_sensors
0.49824870061746823,0.9792064824619733,0.9792064825733916,13.528220628606922,0.02072237865434712,0.0,-0.2773886287925595,-0.02007817911314633,0.49667823214967727,0.5000905796282484,0.5000124264545885,7.859179948066645e-05,40,calce,severson,sensors,20,logistic_sensors
0.49953430223937634,0.9758088490248029,0.9758088490806897,13.481291413796939,0.024169184604561102,0.0,-0.26623720743024526,-0.019270937471735767,0.49901837915530584,0.5000909255523365,0.4999762506218799,0.0001502042557442983,40,calce,severson,sensors,30,logistic_sensors
0.5000569770601591,0.9690135820145678,0.9690135820273383,13.387417404444468,0.030989839953787082,0.0,-0.24789585564753724,-0.017943301665303626,0.5000211124211293,0.5000987772568627,0.5,0.0,40,calce,severson,sensors,50,logistic_sensors
0.7421371147744121,0.9825973725852826,0.9826007407871667,13.074255658545907,0.03695743675375184,0.30615234375,42.503530324937785,-590.8874301780362,0.6137907978935419,0.8204973397030932,0.9996837672337435,0.0015587747518937603,40,calce,severson,full,10,logistic_full
0.7123651412606864,0.979205849742551,0.9792061658542679,13.52742390243985,0.039009438662601176,0.27001633986928103,-0.2774046891661175,-0.020093171301681437,0.589318115869158,0.7967964802381773,0.9949760490620967,0.013054626525602315,40,calce,severson,full,20,logistic_full
0.7089844019346252,0.975808800388794,0.9758088247592334,13.480763763836604,0.044833367570839444,0.2482443820224719,-0.26624681023377106,-0.01927816879539405,0.6022408968607326,0.7895788409751222,0.9930080690676949,0.014230651358723655,40,calce,severson,full,30,logistic_full
0.6594700256835055,0.9690135816598178,0.9690135818499632,13.387351205866729,0.044846577498033044,0.20531798245614036,-0.24789668784132865,-0.01794390518124867,0.6485834837757886,0.670312731326542,0.7591473368458488,0.061739382949646815,40,calce,severson,full,50,logistic_full
0.8981030716001872,,,,0.627925440869886,0.66015625,,,0.8223790258991296,0.9998844338253993,0.9998815392881036,0.0006870396088270839,40,nasa+calce,severson,soh_dist,10,logistic_soh_dist
0.9124211404041266,,,,0.6424336090200906,0.7136437908496732,,,0.8359667987055086,0.9984962002605907,0.9998963792680515,0.0006041578434540135,40,nasa+calce,severson,soh_dist,20,logistic_soh_dist
0.9207251306652542,,,,0.6232702496691654,0.7517556179775281,,,0.8461371053266272,0.9952264786365521,0.9999084166578094,0.0005411260645715683,40,nasa+calce,severson,soh_dist,30,logistic_soh_dist
0.9264276285801548,,,,0.5696534785366404,0.7985197368421053,,,0.8585463303727678,0.9852485457235693,0.9998824235344479,0.00048006807082087623,40,nasa+calce,severson,soh_dist,50,logistic_soh_dist
0.8981030716001872,0.5432881181932224,0.7255248138307732,1.3723348207673585,0.627925440869886,0.66015625,3.020793585864328,-8.901790674619308,0.8223790258991296,0.9998844338253993,0.9998815392881036,0.0006870396088270839,40,nasa+calce,severson,soh_only,10,logistic_soh_only
0.9124211404041266,0.5701797442023233,0.7424981721890532,1.4472843051886033,0.6424336090200906,0.7136437908496732,3.1873886196780514,-9.42938218109325,0.8359667987055086,0.9984962002605907,0.9998963792680515,0.0006041578434540135,40,nasa+calce,severson,soh_only,20,logistic_soh_only
0.9207251306652542,0.5900599009657431,0.7542750406996247,1.507336316804404,0.6232702496691654,0.7517556179775281,3.1787248629797475,-9.594670849228075,0.8461371053266272,0.9952264786365521,0.9999084166578094,0.0005411260645715683,40,nasa+calce,severson,soh_only,30,logistic_soh_only
0.9264276285801548,0.6290519330975056,0.7765359343852813,1.6349947458505416,0.5696534785366404,0.7985197368421053,2.947771925748368,-9.432368473268934,0.8585463303727678,0.9852485457235693,0.9998824235344479,0.00048006807082087623,40,nasa+calce,severson,soh_only,50,logistic_soh_only
0.7345560039738862,0.7668622807004802,0.8370205935326704,5.095377474799372,0.0355627043831913,0.2900390625,0.1785595045508138,-5.239647291834793,0.5994326073711947,0.8177574922788666,1.0,0.0,40,nasa+calce,severson,cycle_only,10,logistic_cycle_only
0.7133660806816285,0.7765991337248488,0.8459709654484582,5.054258112658499,0.0382649629978483,0.2589869281045752,0.16121169983270817,-4.898382950438809,0.5906710206700662,0.7984605011567395,1.0,0.0,40,nasa+calce,severson,cycle_only,20,logistic_cycle_only
0.6968682004016076,0.7850400032589114,0.8524164344114409,5.108352815400853,0.04115008073567925,0.23665730337078653,0.14695712549907297,-4.638711627887891,0.5838251714001755,0.7815973750677292,1.0,0.0,40,nasa+calce,severson,cycle_only,30,logistic_cycle_only
0.6716679968042097,0.8006077939250803,0.8635095246615473,5.204131127366476,0.0471065501274411,0.20257675438596492,0.12693340244902773,-4.246778349551717,0.5718761281024733,0.757994350282689,1.0,0.0,40,nasa+calce,severson,cycle_only,50,logistic_cycle_only
0.7668617574272137,0.73848309271844,0.8159637699111346,4.616398838835645,0.03875272185013906,0.30322265625,0.2021259382393564,-5.320727239135703,0.6588890806252383,0.8352477506626479,1.0,0.0,40,nasa+calce,severson,soh_cycle,10,logistic_soh_cycle
0.7579631296485945,0.7415035065482687,0.8208201220997609,4.447121217742271,0.04326913319163765,0.2741013071895425,0.1928632581819149,-5.0077876804210995,0.6638690635605096,0.8249115898132967,1.0,0.0,40,nasa+calce,severson,soh_cycle,20,logistic_soh_cycle
0.7551664447059973,0.7425195067999868,0.8224425328232285,4.36615205764806,0.048536675015571316,0.2563202247191011,0.18898883787284387,-4.798388494940882,0.6724007766460385,0.8194075182745865,1.0,0.0,40,nasa+calce,severson,soh_cycle,30,logistic_soh_cycle
0.7540077854423843,0.745767771002017,0.8260872090392755,4.227051480212677,0.05989565949058992,0.24067982456140352,0.1878384743850721,-4.492983789570577,0.6866203189030325,0.8134685977741893,0.999993816443061,1.5059884327536701e-05,40,nasa+calce,severson,soh_cycle,50,logistic_soh_cycle
0.34509576713116247,0.9825442408740533,0.9825713705131743,10.565072762774495,0.012551123684858043,0.009765625,-5.037498167901935,49.77466082960849,0.0829638245941632,0.5132345793491346,0.0666459064636675,0.1552049912951816,40,nasa+calce,severson,sensors,10,logistic_sensors
0.30323722205808795,0.9791378048529684,0.9791701698152698,10.26465613409228,0.01424057523944497,0.0012254901960784314,-5.699154808487042,55.30429023826435,0.0588648460567813,0.49658589982438306,0.03222879983142134,0.1063233504290469,40,nasa+calce,severson,sensors,20,logistic_sensors
0.2664600467371757,0.9756529584555211,0.9757272383727037,9.301416202431563,0.015560292703486802,0.0031601123595505617,-6.840856433222481,60.75949312260422,0.04638644426854874,0.46020201516508596,0.02187549515488125,0.09243457911528033,40,nasa+calce,severson,sensors,30,logistic_sensors
0.20004086431662824,0.9671347153573906,0.9680305177544927,6.7386335807358915,0.01786830753998272,0.0027412280701754384,-10.045600296411457,65.38088233182297,0.03209841149851037,0.3593177614503564,0.008928400203144986,0.04491763107898014,40,nasa+calce,severson,sensors,50,logistic_sensors
0.7047882527232756,0.0735049288464713,0.0801458480264629,0.44212682213509835,0.034278346163276595,0.29443359375,0.09605959615269569,-3.4484403540857147,0.5425649259963841,0.8036373308838398,0.9978919804861113,0.006319231200972145,40,nasa+calce,severson,full,10,logistic_full
0.674132361601459,0.08275225883249819,0.0909095766104519,0.48096569309387965,0.036235967611822247,0.2630718954248366,0.08691761853479286,-3.3684581504747833,0.5245543591801953,0.7821195292283365,0.9897648766187931,0.02124535703242424,40,nasa+calce,severson,full,20,logistic_full
0.6711714461931246,0.07516351048263027,0.08077707986372701,0.4363842788935584,0.03995662921361898,0.24262640449438203,0.0866809643272955,-3.167274234782415,0.5431980307182589,0.7709690825643691,0.9916902915078651,0.016733572072397816,40,nasa+calce,severson,full,30,logistic_full
0.681452790468822,0.05940843571727118,0.05983664646774925,0.3618116302265283,0.04935877282626207,0.21765350877192982,0.09676944441392928,-2.683016876869602,0.5851372722294494,0.7651115026624278,0.9987431404985772,0.0027416648133348513,40,nasa+calce,severson,full,50,logistic_full
