source,target,H,feature_set,model,raw_AUC,raw_Brier,raw_ECE10,raw_LogLoss,raw_PRAUC,raw_SensAtFPR10,raw_CalSlope,raw_CalIntercept,raw_AUC_lo,raw_AUC_hi,raw_AUC_percell_mean,raw_AUC_percell_std,raw_n_cells_valid,iso_AUC,iso_Brier,iso_ECE10,iso_LogLoss,iso_PRAUC,iso_SensAtFPR10,iso_CalSlope,iso_CalIntercept,iso_AUC_lo,iso_AUC_hi,iso_AUC_percell_mean,iso_AUC_percell_std,iso_n_cells_valid,platt_AUC,platt_Brier,platt_ECE10,platt_LogLoss,platt_PRAUC,platt_SensAtFPR10,platt_CalSlope,platt_CalIntercept,platt_AUC_lo,platt_AUC_hi,platt_AUC_percell_mean,platt_AUC_percell_std,platt_n_cells_valid,temp_AUC,temp_Brier,temp_ECE10,temp_LogLoss,temp_PRAUC,temp_SensAtFPR10,temp_CalSlope,temp_CalIntercept,temp_AUC_lo,temp_AUC_hi,temp_AUC_percell_mean,temp_AUC_percell_std,temp_n_cells_valid,endpoint,AUC,Brier,ECE10,LogLoss,PRAUC,SensAtFPR10,CalSlope,CalIntercept,AUC_lo,AUC_hi,AUC_percell_mean,AUC_percell_std,n_cells_valid,dataset
nasa,oxford,20,with_soh,xgboost,0.9569672131147541,0.22396174863241924,0.30585035278927536,0.6277339591007696,0.7835051546391752,1.0,51.00645942927637,-84.37710737755484,0.9313725490196078,0.9866071428571429,0.9591210014745268,0.03734592503416539,5.0,0.7151639344262295,0.19193993743085264,0.16600867197001967,0.5651692683980463,0.35348837209302325,0.18421052631578946,1129.324827192799,157.47988626189007,,,0.7159198238592479,0.022248970244174153,5.0,0.9569672131147541,0.16110251735041703,0.19477649826245658,0.5010650182546778,0.7835051546391752,1.0,194.4065309042607,-37.63828104057745,0.9313725490196078,0.9866071428571429,0.9591210014745268,0.03734592503416539,5.0,0.9569672131147541,0.21646613670207177,0.3452363836052033,0.6237488472717889,0.7835051546391752,1.0,184.89052613886983,-81.38665798848969,,,0.9591210014745268,0.03734592503416539,5.0,combined,,,,,,,,,,,,,,
nasa,oxford,20,no_soh,xgboost,0.5184426229508197,0.1952919733490451,0.12275142339931336,0.6017717479096916,0.24516129032258063,0.23684210526315788,0.8899746686719874,0.6392636977833481,0.5134099616858238,0.5224215246636772,0.5188299078169981,0.005660007950828878,5.0,0.4979508196721312,0.18523511609853652,0.06257269555103227,0.5609756741332521,0.2375,0.013157894736842105,-4.0899571960410785,-7.45356890559152,,,0.4981132075471698,0.004218996183961866,5.0,0.5184426229508197,0.1809963209705117,0.01375726233461326,0.547858453898016,0.24516129032258063,0.23684210526315788,4.272461836589892,3.9943301438226526,0.5134099616858238,0.5224215246636772,0.5188299078169981,0.005660007950828878,5.0,0.5184426229508197,0.20742061587283883,0.16417493683645196,0.6067636235886017,0.24516129032258063,0.23684210526315788,4.558973553116758,0.6324340424650333,,,0.5188299078169981,0.005660007950828878,5.0,combined,,,,,,,,,,,,,,
calce,oxford,20,with_soh,xgboost,0.8498166522864539,0.7466359893821133,0.7498526042792946,6.840131803640273,0.6732574368063132,0.8289473684210527,6.199893093301399,-60.00404637168361,0.7638724911452184,0.909516172146485,0.7627492810446868,0.2453738942000501,5.0,0.5922131147540984,0.7309145106261385,0.7440333834109938,8.950304723348264,0.27636363636363637,0.21052631578947367,0.7782896376517996,-11.715022753926084,,,0.5926563048559077,0.012755887388305402,5.0,0.8498166522864539,0.6649732362541035,0.6961985903495144,2.0949830876034072,0.6732574368063132,0.8289473684210527,30.63165995537812,-83.48242857775494,0.7638724911452184,0.909516172146485,0.7627492810446868,0.2453738942000501,5.0,0.8498166522864539,0.6729713744318356,0.7028058935050574,2.2543300329732148,0.6732574368063132,0.8289473684210527,19.27230697151075,-59.88078790090594,,,0.7627492810446868,0.2453738942000501,5.0,combined,,,,,,,,,,,,,,
calce,oxford,20,no_soh,xgboost,0.41630716134598794,0.7450935951308141,0.7487706566695123,6.608646328180148,0.24288579592380138,0.14473684210526316,0.38370775064764256,-4.577181849293299,0.26384571219335956,0.5544732643230932,0.3596208189216081,0.20810678191038437,5.0,0.5362920621225196,0.666485154053667,0.6980061986250645,2.799860147897557,0.252880393419589,0.17105263157894737,0.04416879923519991,-1.3349574011157024,,,0.5169645228897829,0.06287440719992662,5.0,0.41630716134598794,0.6627150228970171,0.694596477576048,2.075796046777364,0.24288579592380138,0.14473684210526316,414.70704228182205,-1104.935403230226,0.26384571219335956,0.5544732643230932,0.3596208189216081,0.20810678191038437,5.0,0.41630716134598794,0.6563887214976013,0.689765123639692,2.098578258230872,0.24288579592380138,0.14473684210526316,1.2945244278216452,-4.696154239068999,,,0.3596208189216081,0.20810678191038437,5.0,combined,,,,,,,,,,,,,,
nasa+calce,oxford,20,with_soh,xgboost,0.916576790336497,0.7490665664485372,0.7533696034923195,5.890154366419248,0.7748719780437094,0.6447368421052632,5.852935391381567,-49.963483985886185,0.8777808676307007,0.9651821862348178,0.8260860182112468,0.2654845326054119,5.0,0.8970017256255394,0.6601552804019007,0.702482534515254,2.34928818548577,0.7147740274599542,0.5789473684210527,0.4215800358130288,-3.2249372882624683,,,0.8603968629557404,0.1726867457593728,5.0,0.916576790336497,0.6431431345201006,0.680383923761849,1.9368020757953075,0.7748719780437094,0.6447368421052632,4423.6592821741315,-10886.803036579118,0.8777808676307007,0.9651821862348178,0.8260860182112468,0.2654845326054119,5.0,0.916576790336497,0.6495942793210745,0.6883533376918342,2.028814231997326,0.7748719780437094,0.6447368421052632,17.63745753566964,-49.92528618583831,,,0.8260860182112468,0.2654845326054119,5.0,combined,,,,,,,,,,,,,,
nasa+calce,oxford,20,no_soh,xgboost,0.42852135461604834,0.7459864644066104,0.7499099826905876,5.548871057094364,0.2201215788778106,0.14473684210526316,0.3371931291190813,-3.671940712482135,0.2790544496487119,0.5970627367619848,0.4145944900468499,0.2402403914056388,5.0,0.5368852459016394,0.6557001221693282,0.6901797877973221,2.166166473686231,0.25249169435215946,0.23684210526315788,0.16676596377789238,-1.6314219386240085,,,0.5372738808140992,0.007039908618763191,5.0,0.42852135461604834,0.6452193891966121,0.6818382256338881,1.9617021404307053,0.2201215788778106,0.14473684210526316,118.44401402464516,-297.9681255902037,0.2790544496487119,0.5970627367619848,0.4145944900468499,0.2402403914056388,5.0,0.42852135461604834,0.6304049593332193,0.6710194294136802,1.8950133191006273,0.2201215788778106,0.14473684210526316,1.0390299859838061,-3.673974096431898,,,0.4145944900468499,0.2402403914056388,5.0,combined,,,,,,,,,,,,,,
nasa,severson,20,with_soh,xgboost,0.8709116451061072,0.5983053318719616,0.7559787019947887,1.5474362803588957,0.5596438802470389,0.7038398692810458,2.3839914017185784,-8.466644463382998,0.7666774199336489,0.9972641085009039,0.9968024653692945,0.010490422624882019,40.0,0.6342582812568301,0.21487261618935377,0.44539439583931,0.622350584077232,0.2534037470323593,0.2549019607843137,4.48769997502938,-3.491608092775296,,,0.6966041918034908,0.19036944677411022,40.0,0.8709116451061072,0.2656058322881694,0.4951359033760476,0.7238473207621169,0.5596438802470389,0.7038398692810458,13.49255945083106,-6.830997230561657,0.7666774199336489,0.9972641085009039,0.9968024653692945,0.010490422624882019,40.0,0.8709116451061072,0.33949655667285494,0.5668660075522165,0.8748651742442949,0.5596438802470389,0.7038398692810458,8.936366140860008,-8.462428577359212,,,0.9968024653692945,0.010490422624882019,40.0,combined,,,,,,,,,,,,,,
nasa,severson,20,no_soh,xgboost,0.5949482106609295,0.7904935712442785,0.8750796302387153,2.3958167100272507,0.028596902061384044,0.19526143790849673,0.4090520153428935,-4.848418004972717,0.5097073804558034,0.7256666124813232,0.6764388469934122,0.1835470161285901,40.0,0.5586026709501472,0.23300393931321323,0.46116024312737847,0.6591270440217107,0.023548072263054547,0.0,12.176581473480196,-3.0341404340888043,,,0.5958835679727883,0.07396522927598044,40.0,0.5949482106609295,0.27634503579189046,0.5053852235790292,0.7458583507119746,0.028596902061384044,0.19526143790849673,3.4469077638783,-4.271307023709123,0.5097073804558034,0.7256666124813232,0.6764388469934122,0.1835470161285901,40.0,0.5949482106609295,0.3694728311484701,0.5902857008962521,0.93769264467101,0.028596902061384044,0.19526143790849673,2.1029457612398543,-4.847876948101355,,,0.6764388469934122,0.1835470161285901,40.0,combined,,,,,,,,,,,,,,
calce,severson,20,with_soh,xgboost,0.85033119627046,0.8345291869208821,0.852956805457389,5.859928987153278,0.42850762087173266,0.7152777777777778,3.1744963509445783,-29.290561158355956,0.7489054091341402,0.9670249243258106,0.9572397692767105,0.05382744389638495,40.0,0.7962983656927406,0.7467488957755017,0.8434709706872049,2.2778435110628004,0.38935593653590694,0.7953431372549019,31.422139864687708,-88.31213423826865,,,0.9071507065299809,0.03523466151589355,40.0,0.85033119627046,0.8108488305888178,0.8868163593042145,2.4928899887750005,0.42850762087173266,0.7152777777777778,5271.045125199021,-14172.558428206643,0.7489054091341402,0.9670249243258106,0.9572397692767105,0.05382744389638495,40.0,0.85033119627046,0.6842897501160858,0.7878367518770061,2.0244270436870906,0.42850762087173266,0.7152777777777778,9.898332672675007,-29.31700942676028,,,0.9572397692767105,0.05382744389638495,40.0,combined,,,,,,,,,,,,,,
calce,severson,20,no_soh,xgboost,0.6823804443056531,0.8463492574578586,0.8605236824913287,6.813348080296975,0.03234715046446174,0.2246732026143791,2.265892044175458,-23.832933216547943,0.6695810128960987,0.6949983211671952,0.8062152585647459,0.08183072003731415,40.0,0.67406164068667,0.7620549814278178,0.8515150840582827,2.389245548269573,0.031547611376728485,0.6066176470588235,43.22013761409471,-123.36268805539163,,,0.7920198492273073,0.07803724294949163,40.0,0.6823804443056531,0.8134114343498595,0.888684583884731,2.492241572888772,0.03234715046446174,0.2246732026143791,4.382556802770678,-15.346929799730624,0.6695810128960987,0.6949983211671952,0.8062152585647459,0.08183072003731415,40.0,0.6823804443056531,0.7190721777661627,0.8115538860803059,2.2165279047765343,0.03234715046446174,0.2246732026143791,5.947152137277397,-19.84543736874705,,,0.8062152585647459,0.08183072003731415,40.0,combined,,,,,,,,,,,,,,
nasa+calce,severson,20,with_soh,xgboost,0.8959900617660977,0.7723943391135557,0.8327713981430902,3.672218998962965,0.44134869592227655,0.7062908496732027,1.9182290117203913,-14.669369062135427,0.8122195100083784,0.9946453775891336,0.9949251280130774,0.014935188767784512,40.0,0.8809091030793583,0.4388678607877273,0.6347746270035423,1.1348650305498107,0.261576159412627,0.7336601307189542,2.66373868803037,-7.213609781359084,,,0.9824225312625744,0.023791430435027176,40.0,0.8959900617660977,0.7395992020572463,0.840870570529195,2.1469009017474643,0.44134869592227655,0.7062908496732027,223.38544323310254,-550.8182643070944,0.8122195100083784,0.9946453775891336,0.9949251280130774,0.014935188767784512,40.0,0.8959900617660977,0.5555091480880375,0.717494367461043,1.4694677914276113,0.44134869592227655,0.7062908496732027,5.76579834294664,-14.630789539178782,,,0.9949251280130774,0.014935188767784512,40.0,combined,,,,,,,,,,,,,,
nasa+calce,severson,20,no_soh,xgboost,0.7501329108844753,0.8011071643242467,0.844971311641641,4.084471765202648,0.0452959192297011,0.29901960784313725,1.1326469248619577,-10.002182446506788,0.6923700962326295,0.8352133446932636,0.8603658864191853,0.13854978963786957,40.0,0.741849038960952,0.5436674487129767,0.7018738967094502,1.5224044152601086,0.04245893845043071,0.3022875816993464,1.1984499368478065,-5.940553973373747,,,0.8497171693747004,0.12224772598881464,40.0,0.7501329108844753,0.752001962282668,0.8468942521722087,2.224059140396188,0.0452959192297011,0.29901960784313725,142.06483710151892,-358.39197633397936,0.6923700962326295,0.8352133446932636,0.8603658864191853,0.13854978963786957,40.0,0.7501329108844753,0.5833030083490369,0.7342392413001577,1.5570793288809448,0.0452959192297011,0.29901960784313725,3.481372979089372,-9.98940873229461,,,0.8603658864191853,0.13854978963786957,40.0,combined,,,,,,,,,,,,,,
,,20,with_soh,xgboost,,,,,,,,,,,,,,,,,,,,,,,,,,,,,,,,,,,,,,,,,,,,,,,,,,,,,combined,0.8068772659565498,0.1915056963812111,0.13383450720658874,0.6542280113542472,0.7565693747319036,0.5166240409207161,0.4094353024939801,-0.3259528519647226,0.6444873027956497,0.9376773473212453,0.942068718689708,0.10489643362213777,11.0,nasa
,,20,with_soh,xgboost,,,,,,,,,,,,,,,,,,,,,,,,,,,,,,,,,,,,,,,,,,,,,,,,,,,,,combined,0.717403349299586,0.2111407255341124,0.16136066161667073,0.9547730810991037,0.6264722212517114,0.3452685421994885,0.13188865039933861,-0.460509227644919,,,0.9271099907964881,0.10358701673146807,11.0,nasa
,,20,with_soh,xgboost,,,,,,,,,,,,,,,,,,,,,,,,,,,,,,,,,,,,,,,,,,,,,,,,,,,,,combined,0.7368318564884149,0.2037007269641415,0.11441820181074319,0.5915608948196895,0.6422551517981265,0.3069053708439898,0.8403125622891697,-0.15103098808030205,0.5891706477750205,0.9100315629247318,0.942068718689708,0.10489643362213777,11.0,nasa
,,20,with_soh,xgboost,,,,,,,,,,,,,,,,,,,,,,,,,,,,,,,,,,,,,,,,,,,,,,,,,,,,,combined,0.778772378516624,0.18959174630105827,0.104431292145729,0.567430156416911,0.6920346277320325,0.3375959079283887,0.8845237640714187,-0.3507017723315791,,,0.942068718689708,0.10489643362213777,11.0,nasa
,,20,no_soh,xgboost,,,,,,,,,,,,,,,,,,,,,,,,,,,,,,,,,,,,,,,,,,,,,,,,,,,,,combined,0.7622145848305877,0.23473315002450632,0.18467449891919557,0.7714269414864849,0.7017574535771826,0.3631713554987212,0.340132476837237,-0.4303365050717334,0.587812578008739,0.9140804851975104,0.905264039522637,0.11475107575595778,11.0,nasa
,,20,no_soh,xgboost,,,,,,,,,,,,,,,,,,,,,,,,,,,,,,,,,,,,,,,,,,,,,,,,,,,,,combined,0.6627373357369704,0.22708641434998914,0.1244609663071027,0.8527487226887899,0.6039702212293397,0.319693094629156,0.13911446326991883,-0.36347235740430445,,,0.8331905533512116,0.14434688912771346,11.0,nasa
,,20,no_soh,xgboost,,,,,,,,,,,,,,,,,,,,,,,,,,,,,,,,,,,,,,,,,,,,,,,,,,,,,combined,0.673138151581703,0.224649289648783,0.14141053908080645,0.637826744244265,0.5542117608361029,0.23529411764705882,0.6318681723621196,-0.22071238231025028,0.4913340555992503,0.8817602647147347,0.905264039522637,0.11475107575595778,11.0,nasa
,,20,no_soh,xgboost,,,,,,,,,,,,,,,,,,,,,,,,,,,,,,,,,,,,,,,,,,,,,,,,,,,,,combined,0.7151790482079119,0.21255567116979363,0.15040686657012667,0.6169564790903279,0.6248445561163417,0.23785166240409208,0.7450569987100164,-0.4162733790963882,,,0.905264039522637,0.11475107575595778,11.0,nasa
,,20,with_soh,xgboost,,,,,,,,,,,,,,,,,,,,,,,,,,,,,,,,,,,,,,,,,,,,,,,,,,,,,combined,0.8441594861669087,0.10907168256383683,0.11022918088724402,0.5586488863588761,0.9838710227810015,0.5486163051608077,0.20102727229481754,1.2350677454059038,0.6704062688886969,0.9638972717042111,0.9665744582361956,0.0361643758856017,6.0,calce
,,20,with_soh,xgboost,,,,,,,,,,,,,,,,,,,,,,,,,,,,,,,,,,,,,,,,,,,,,,,,,,,,,combined,0.7817494506141865,0.0712789433080802,0.04673580875148934,0.33805458494376656,0.9709732341392812,0.49339316878583894,0.2090316148027466,1.2946955333040584,,,0.9221453860172311,0.07447641972595963,6.0,calce
,,20,with_soh,xgboost,,,,,,,,,,,,,,,,,,,,,,,,,,,,,,,,,,,,,,,,,,,,,,,,,,,,,combined,0.49935900605262395,0.07941313738850869,0.03969279772060483,0.29895601319545856,0.9067053121390702,0.0694340563450511,0.1597535877310441,2.0037472385994333,0.31227876262515003,0.8767609780722099,0.9665744582361956,0.0361643758856017,6.0,calce
,,20,with_soh,xgboost,,,,,,,,,,,,,,,,,,,,,,,,,,,,,,,,,,,,,,,,,,,,,,,,,,,,,combined,0.7204514238446241,0.08804809693102442,0.07205488580772734,0.3094137963369728,0.9485762148380941,0.0694340563450511,0.4779403360066823,1.4864770968753411,,,0.9665744582361956,0.0361643758856017,6.0,calce
,,20,no_soh,xgboost,,,,,,,,,,,,,,,,,,,,,,,,,,,,,,,,,,,,,,,,,,,,,,,,,,,,,combined,0.7897930830862105,0.11164463264831954,0.1128457504315003,0.6080448845023624,0.9719524003364916,0.30254300673148843,0.1794445695032025,1.3219827893818017,0.5920466294751879,0.9627514213913149,0.9479665785694306,0.10442929380955439,6.0,calce
,,20,no_soh,xgboost,,,,,,,,,,,,,,,,,,,,,,,,,,,,,,,,,,,,,,,,,,,,,,,,,,,,,combined,0.7457083561696194,0.07326564518710779,0.06824678279298502,0.38857668028573245,0.9623635053516937,0.35527299925205685,0.1579864156055591,1.5709876613150946,,,0.9191064292725679,0.0900138706175905,6.0,calce
,,20,no_soh,xgboost,,,,,,,,,,,,,,,,,,,,,,,,,,,,,,,,,,,,,,,,,,,,,,,,,,,,,combined,0.4715597507697713,0.07964239983412631,0.03915635181676419,0.3013547124782855,0.8919496832274758,0.02343555223136375,0.07461839842887036,2.226798680388851,0.28018808915443033,0.8544477481412672,0.9479665785694306,0.10442929380955439,6.0,calce
,,20,no_soh,xgboost,,,,,,,,,,,,,,,,,,,,,,,,,,,,,,,,,,,,,,,,,,,,,,,,,,,,,combined,0.6853359660371391,0.0912080778887447,0.06933679510968373,0.32708241560838525,0.9306507167071281,0.027175268012964347,0.3935097187428067,1.6283343478932797,,,0.9479665785694306,0.10442929380955439,6.0,calce
nasa,oxford,20,with_soh,xgboost,0.9651639344262295,0.09997250303837357,0.13676246518298285,0.2737412657027508,0.8172043010752689,1.0,88.8844976287563,42.28141604352275,0.9422310756972112,0.989451476793249,0.9662709518220938,0.031969410695491196,5.0,0.9590163934426229,0.07540057886985616,0.09745922459893046,0.2181336906791284,0.7916666666666666,1.0,5.084241324701051,1.3336312672005275,,,0.9610077939273569,0.03597005360290136,5.0,0.9651639344262295,0.1471018081268239,0.19042557816270858,0.3884888283911191,0.8172043010752689,1.0,44.46587504083992,57.18843374634839,0.9422310756972112,0.989451476793249,0.9662709518220938,0.031969410695491196,5.0,0.9651639344262295,0.10000428387673313,0.1367420753475249,0.27374851434408276,0.8172043010752689,1.0,66.26728535084146,31.945533175354228,,,0.9662709518220938,0.031969410695491196,5.0,soh_only,,,,,,,,,,,,,,
nasa,oxford,20,no_soh,xgboost,0.48770491803278687,0.21995684628178908,0.1976861528637528,0.7930282468030659,0.24126984126984127,0.0,0.41006419784569775,0.13762354553740322,0.4839357429718876,0.4903846153846154,0.48775485741225566,0.003849466051728582,5.0,0.4979508196721311,0.2204061841906718,0.19868464532299301,0.7992880898130978,0.24126984126984127,0.05263157894736842,0.90792284852294,1.7525836729494495,,,0.4981132075471698,0.004218996183961866,5.0,0.48770491803278687,0.22746626473586856,0.21525837277084825,0.9217985404610761,0.24126984126984127,0.0,-0.40660692700395173,-2.7057230714048743,0.4839357429718876,0.4903846153846154,0.48775485741225566,0.003849466051728582,5.0,0.48770491803278687,0.22534280472866652,0.2107494359417032,0.8768517010538869,0.24126984126984127,0.0,0.36335975522325964,0.13906779492110372,,,0.48775485741225566,0.003849466051728582,5.0,soh_only,,,,,,,,,,,,,,
calce,oxford,20,with_soh,xgboost,0.8498166522864539,0.7466359893821133,0.7498526042792946,6.840131803640273,0.6732574368063132,0.8289473684210527,6.199893093301399,-60.00404637168361,0.7638724911452184,0.909516172146485,0.7627492810446868,0.2453738942000501,5.0,0.5922131147540984,0.7309145106261385,0.7440333834109938,8.950304723348264,0.27636363636363637,0.21052631578947367,0.7782896376517996,-11.715022753926084,,,0.5926563048559077,0.012755887388305402,5.0,0.8498166522864539,0.6649732362541035,0.6961985903495144,2.0949830876034072,0.6732574368063132,0.8289473684210527,30.63165995537812,-83.48242857775494,0.7638724911452184,0.909516172146485,0.7627492810446868,0.2453738942000501,5.0,0.8498166522864539,0.6729713744318356,0.7028058935050574,2.2543300329732148,0.6732574368063132,0.8289473684210527,19.27230697151075,-59.88078790090594,,,0.7627492810446868,0.2453738942000501,5.0,soh_only,,,,,,,,,,,,,,
calce,oxford,20,no_soh,xgboost,0.41630716134598794,0.7450935951308141,0.7487706566695123,6.608646328180148,0.24288579592380138,0.14473684210526316,0.38370775064764256,-4.577181849293299,0.26384571219335956,0.5544732643230932,0.3596208189216081,0.20810678191038437,5.0,0.5362920621225196,0.666485154053667,0.6980061986250645,2.799860147897557,0.252880393419589,0.17105263157894737,0.04416879923519991,-1.3349574011157024,,,0.5169645228897829,0.06287440719992662,5.0,0.41630716134598794,0.6627150228970171,0.694596477576048,2.075796046777364,0.24288579592380138,0.14473684210526316,414.70704228182205,-1104.935403230226,0.26384571219335956,0.5544732643230932,0.3596208189216081,0.20810678191038437,5.0,0.41630716134598794,0.6563887214976013,0.689765123639692,2.098578258230872,0.24288579592380138,0.14473684210526316,1.2945244278216452,-4.696154239068999,,,0.3596208189216081,0.20810678191038437,5.0,soh_only,,,,,,,,,,,,,,
nasa+calce,oxford,20,with_soh,xgboost,0.9950927523727351,0.6758996122828671,0.7049405876954551,2.6776721967584245,0.9538532869122427,1.0,10.329615536954304,-54.863804289183385,0.9875781407541843,1.0,0.9962264150943396,0.00843799236792372,5.0,0.9657301553062986,0.330932518972466,0.4261953634390815,0.8724956602789465,0.8291340725551252,0.9868421052631579,29.97425940879825,-32.864410467682546,,,0.9193633380794829,0.10077820220732654,5.0,0.9950927523727351,0.6141297482542774,0.6603167065598222,1.8258246696007376,0.9538532869122427,1.0,714.8249525963155,-1779.1949256095518,0.9875781407541843,1.0,0.9962264150943396,0.00843799236792372,5.0,0.9950927523727351,0.434103985616843,0.534155507135313,1.1123503052779697,0.9538532869122427,1.0,31.623860275538046,-54.899580690025516,,,0.9962264150943396,0.00843799236792372,5.0,soh_only,,,,,,,,,,,,,,
nasa+calce,oxford,20,no_soh,xgboost,0.4642471958584987,0.705708626750752,0.721114651701646,3.0042180328903356,0.23274937825876055,0.13157894736842105,0.6134607717407955,-3.6552355758880455,0.3203804347826087,0.596221322537112,0.41562248757821846,0.2043454185798991,5.0,0.5491803278688525,0.36195680565963445,0.4294498976781352,0.9334931554284008,0.2576271186440678,0.23684210526315788,1.5405538012784976,-2.343295956087312,,,0.5499049582217408,0.008606453115640794,5.0,0.4642471958584987,0.6353097329066076,0.6737711511872251,1.9337708915039162,0.23274937825876055,0.13157894736842105,7.153665614048178,-19.176373265131847,0.3203804347826087,0.596221322537112,0.41562248757821846,0.2043454185798991,5.0,0.4642471958584987,0.473411837988815,0.5422460956823091,1.2219487612504991,0.23274937825876055,0.13157894736842105,1.858735999927509,-3.654884088229477,,,0.41562248757821846,0.2043454185798991,5.0,soh_only,,,,,,,,,,,,,,
nasa,severson,20,with_soh,xgboost,0.9948266915980586,0.17519360031831194,0.3850680452326609,0.5451397656120791,0.8127013938994172,0.9780085522296884,2.5304911099555523,-7.377688611614,0.9927534722193327,0.9966112211105039,0.9983214055253478,0.007980459522693727,39.0,0.9870159088116894,0.1718741819924531,0.3773482835061461,0.5425998923207196,0.6071519957346776,0.9700671960904093,0.5003292109180685,-4.692942642116747,,,0.9924246689376965,0.011056936248931839,39.0,0.9948266915980586,0.11654101359605083,0.25496789773537476,0.3807210588628318,0.8127013938994172,0.9780085522296884,3.749041271153425,-10.003165187535048,0.9927534722193327,0.9966112211105039,0.9983214055253478,0.007980459522693727,39.0,0.9948266915980586,0.17513840120494986,0.38492564885704883,0.5450429737634357,0.8127013938994172,0.9780085522296884,2.4950748088664247,-7.289924454319033,,,0.9983214055253478,0.007980459522693727,39.0,soh_only,,,,,,,,,,,,,,
nasa,severson,20,no_soh,xgboost,0.6377973514823023,0.7768900913091292,0.8733024987246798,2.189185607376495,0.023834880478823227,0.2797800855222969,1.5961463480305864,-7.752521813109381,0.5589642330997452,0.7059236029685527,0.5401127191685277,0.19067123378789497,39.0,0.5027219791200083,0.9079602304132841,0.9453495716776791,3.236501029281242,0.014048969713613855,0.0,-0.04079531288197534,-4.130658210941281,,,0.5031305199584022,0.013687912895207204,39.0,0.6377973514823023,0.9011617717385653,0.9420403480335918,3.1102958313808147,0.023834880478823227,0.2797800855222969,2.599671085059393,-12.532800772074857,0.5589642330997452,0.7059236029685527,0.5401127191685277,0.19067123378789497,39.0,0.6377973514823023,0.8183382513123528,0.8967686863739278,2.4314725572871208,0.023834880478823227,0.2797800855222969,1.4196589081067772,-7.76972665488492,,,0.5401127191685277,0.19067123378789497,39.0,soh_only,,,,,,,,,,,,,,
calce,severson,20,with_soh,xgboost,0.964962543346333,0.8414119408055583,0.8598455074764327,5.913646966075448,0.60937979310313,1.0,19.3164527055596,-169.67738855079278,0.9615933349501106,0.9684342081699168,0.9656174614983388,0.009608960842836188,39.0,0.8548310383075997,0.7527595294605948,0.8503596727062486,2.2963548771002165,0.5617600608281117,0.678069639584606,19.56070348233126,-57.19777084046373,,,0.911091488553507,0.02523121672421601,39.0,0.964962543346333,0.8168600355650462,0.8937050613232584,2.511406143447434,0.60937979310313,1.0,26116.288781219995,-70212.86877349843,0.9615933349501106,0.9684342081699168,0.9656174614983388,0.009608960842836188,39.0,0.964962543346333,0.6901316673346605,0.7947254538960498,2.0416720955061423,0.60937979310313,1.0,62.77705676500851,-176.95064259959878,,,0.9656174614983388,0.009608960842836188,39.0,soh_only,,,,,,,,,,,,,,
calce,severson,20,no_soh,xgboost,0.6811063639182717,0.8532362809496751,0.8674123845103725,6.875434205603484,0.021630835502583278,0.3359804520464264,7.008635640179772,-66.98639556280065,0.6679646322299981,0.6937805541599457,0.8073683248166501,0.08257058966541567,39.0,0.6728456741205251,0.7681350618718831,0.8584037860773264,2.4083614853084168,0.02109617639857211,0.33659132559560173,26.470740806754566,-77.30903357383325,,,0.7931194620768052,0.07874281398556195,39.0,0.6811063639182717,0.8194008523067751,0.8955732859037748,2.510577135053096,0.021630835502583278,0.3359804520464264,3.474472468138265,-13.344071186603523,0.6679646322299981,0.6937805541599457,0.8073683248166501,0.08257058966541567,39.0,0.6811063639182717,0.7251433562411573,0.8184425880993496,2.2355636896006272,0.021630835502583278,0.3359804520464264,2.8058422641659897,-11.589521505565536,,,0.8073683248166501,0.08257058966541567,39.0,soh_only,,,,,,,,,,,,,,
nasa+calce,severson,20,with_soh,xgboost,0.9854288409982005,0.5741567917201598,0.6575413248522167,2.0338552369379785,0.7923559835099211,0.9651802076970067,3.0721194706363857,-17.092954254215655,0.9768197460507946,0.9921851792955538,0.9993034038143593,0.001230258733339923,39.0,0.972653055732703,0.22551555883877894,0.44485102560019524,0.6504576619788228,0.684381948888297,0.8833231521075138,7.9003504102233455,-11.512348921329952,,,0.9946616183307768,0.004226384279889595,39.0,0.9854288409982005,0.5801837000497957,0.7133377204122688,1.6918686886825052,0.7923559835099211,0.9651802076970067,94.59233732241637,-235.87727643692847,0.9768197460507946,0.9921851792955538,0.9993034038143593,0.001230258733339923,39.0,0.9854288409982005,0.38324939355640264,0.5849724710136465,0.9941227261533012,0.7923559835099211,0.9651802076970067,9.308451608461858,-16.93171422941811,,,0.9993034038143593,0.001230258733339923,39.0,soh_only,,,,,,,,,,,,,,
nasa+calce,severson,20,no_soh,xgboost,0.7589693545769347,0.8147152085073383,0.8542972355200703,4.306934633679401,0.03915749374033507,0.40867440439828956,0.908001355855345,-9.336637428699271,0.708844575072919,0.8011334574326366,0.9198585251011006,0.11265615662620856,39.0,0.7486050417410615,0.494580851504138,0.6547711251291463,1.3690033192355673,0.03594486086514599,0.5051924251679902,1.348833520446299,-6.344863099669459,,,0.9078441255821286,0.10102290733609715,39.0,0.7589693545769347,0.7468648279959509,0.8373854976809514,2.257544074049197,0.03915749374033507,0.40867440439828956,38.95696499884653,-104.18699291114116,0.708844575072919,0.8011334574326366,0.9198585251011006,0.11265615662620856,39.0,0.7589693545769347,0.6048452798433435,0.7507957257690154,1.6382584651103913,0.03915749374033507,0.40867440439828956,2.6767481544279264,-9.183940652128818,,,0.9198585251011006,0.11265615662620856,39.0,soh_only,,,,,,,,,,,,,,
,,20,with_soh,xgboost,,,,,,,,,,,,,,,,,,,,,,,,,,,,,,,,,,,,,,,,,,,,,,,,,,,,,soh_only,0.9433728330041694,0.045571308658724316,0.020001454736490107,0.15769256796416414,0.7141058651991434,0.9081632653061225,0.8553206576760929,-0.5004755854724476,0.886166380380417,0.9837868429151789,0.9899477261524642,0.014909018435954314,11.0,nasa
,,20,with_soh,xgboost,,,,,,,,,,,,,,,,,,,,,,,,,,,,,,,,,,,,,,,,,,,,,,,,,,,,,soh_only,0.9399220978714067,0.050128147825312594,0.04059323434315658,0.3042439875348321,0.6254981646763474,0.8877551020408163,0.286345918255919,-1.7379202508424123,,,0.9582715460508219,0.04595931029776063,11.0,nasa
,,20,with_soh,xgboost,,,,,,,,,,,,,,,,,,,,,,,,,,,,,,,,,,,,,,,,,,,,,,,,,,,,,soh_only,0.9152951503181916,0.049354054127890144,0.04544855349859034,0.17845364994227395,0.6548710028920071,0.9183673469387755,0.9388686763828799,-0.4588090503275187,0.8049664199922476,0.9855294182245841,0.9899477261524642,0.014909018435954314,11.0,nasa
,,20,with_soh,xgboost,,,,,,,,,,,,,,,,,,,,,,,,,,,,,,,,,,,,,,,,,,,,,,,,,,,,,soh_only,0.9461707263550582,0.04752129596346998,0.03467643393875648,0.1647177912287104,0.6818430001900873,0.8571428571428571,1.0371825034167625,-0.5632827438594562,,,0.9899477261524642,0.014909018435954314,11.0,nasa
,,20,no_soh,xgboost,,,,,,,,,,,,,,,,,,,,,,,,,,,,,,,,,,,,,,,,,,,,,,,,,,,,,soh_only,0.935533245556287,0.05388578855398641,0.03345553689004499,0.18160573907146652,0.5820489255434751,0.8469387755102041,0.8062387118669659,-0.5781403548948906,0.8740841887818405,0.9777714363980938,0.968634884062465,0.04598566437546651,11.0,nasa
,,20,no_soh,xgboost,,,,,,,,,,,,,,,,,,,,,,,,,,,,,,,,,,,,,,,,,,,,,,,,,,,,,soh_only,0.9329822251481239,0.05471215583286401,0.040514757448941334,0.2926871144589509,0.5635323627330602,0.7653061224489796,0.38656283767519034,-1.2049089901388192,,,0.9509320259079505,0.06308035205065621,11.0,nasa
,,20,no_soh,xgboost,,,,,,,,,,,,,,,,,,,,,,,,,,,,,,,,,,,,,,,,,,,,,,,,,,,,,soh_only,0.9325817423743691,0.055400424174557227,0.04441179630041515,0.19499033941757973,0.6360416987076963,0.8469387755102041,0.8509158734095386,-0.7101889220334207,0.8733270829087589,0.9757687395841922,0.968634884062465,0.04598566437546651,11.0,nasa
,,20,no_soh,xgboost,,,,,,,,,,,,,,,,,,,,,,,,,,,,,,,,,,,,,,,,,,,,,,,,,,,,,soh_only,0.9355332455562869,0.052863587078143516,0.037285481939673966,0.17716951876418016,0.5945499022698478,0.8367346938775511,0.8966057354656356,-0.5476315312537279,,,0.968634884062465,0.04598566437546651,11.0,nasa
,,20,with_soh,xgboost,,,,,,,,,,,,,,,,,,,,,,,,,,,,,,,,,,,,,,,,,,,,,,,,,,,,,soh_only,0.8441594861669087,0.10907168256383683,0.11022918088724402,0.5586488863588761,0.9838710227810015,0.5486163051608077,0.20102727229481754,1.2350677454059038,0.6704062688886969,0.9638972717042111,0.9665744582361956,0.0361643758856017,6.0,calce
,,20,with_soh,xgboost,,,,,,,,,,,,,,,,,,,,,,,,,,,,,,,,,,,,,,,,,,,,,,,,,,,,,soh_only,0.7817494506141865,0.0712789433080802,0.04673580875148934,0.33805458494376656,0.9709732341392812,0.49339316878583894,0.2090316148027466,1.2946955333040584,,,0.9221453860172311,0.07447641972595963,6.0,calce
,,20,with_soh,xgboost,,,,,,,,,,,,,,,,,,,,,,,,,,,,,,,,,,,,,,,,,,,,,,,,,,,,,soh_only,0.49935900605262395,0.07941313738850869,0.03969279772060483,0.29895601319545856,0.9067053121390702,0.0694340563450511,0.1597535877310441,2.0037472385994333,0.31227876262515003,0.8767609780722099,0.9665744582361956,0.0361643758856017,6.0,calce
,,20,with_soh,xgboost,,,,,,,,,,,,,,,,,,,,,,,,,,,,,,,,,,,,,,,,,,,,,,,,,,,,,soh_only,0.7204514238446241,0.08804809693102442,0.07205488580772734,0.3094137963369728,0.9485762148380941,0.0694340563450511,0.4779403360066823,1.4864770968753411,,,0.9665744582361956,0.0361643758856017,6.0,calce
,,20,no_soh,xgboost,,,,,,,,,,,,,,,,,,,,,,,,,,,,,,,,,,,,,,,,,,,,,,,,,,,,,soh_only,0.7897930830862105,0.11164463264831954,0.1128457504315003,0.6080448845023624,0.9719524003364916,0.30254300673148843,0.1794445695032025,1.3219827893818017,0.5920466294751879,0.9627514213913149,0.9479665785694306,0.10442929380955439,6.0,calce
,,20,no_soh,xgboost,,,,,,,,,,,,,,,,,,,,,,,,,,,,,,,,,,,,,,,,,,,,,,,,,,,,,soh_only,0.7457083561696194,0.07326564518710779,0.06824678279298502,0.38857668028573245,0.9623635053516937,0.35527299925205685,0.1579864156055591,1.5709876613150946,,,0.9191064292725679,0.0900138706175905,6.0,calce
,,20,no_soh,xgboost,,,,,,,,,,,,,,,,,,,,,,,,,,,,,,,,,,,,,,,,,,,,,,,,,,,,,soh_only,0.4715597507697713,0.07964239983412631,0.03915635181676419,0.3013547124782855,0.8919496832274758,0.02343555223136375,0.07461839842887036,2.226798680388851,0.28018808915443033,0.8544477481412672,0.9479665785694306,0.10442929380955439,6.0,calce
,,20,no_soh,xgboost,,,,,,,,,,,,,,,,,,,,,,,,,,,,,,,,,,,,,,,,,,,,,,,,,,,,,soh_only,0.6853359660371391,0.0912080778887447,0.06933679510968373,0.32708241560838525,0.9306507167071281,0.027175268012964347,0.3935097187428067,1.6283343478932797,,,0.9479665785694306,0.10442929380955439,6.0,calce
nasa,severson,20,with_soh,xgboost,0.7226270104592785,0.3757450375941946,0.5859059686278599,0.9550618038308685,0.016501116331178386,0.14919852034525277,1.3862591412885672,-5.806921987285421,0.7057186273860072,0.7417068953234751,0.9458345244241165,,1.0,0.5994628714141536,0.16322564085167834,0.3877210246424528,0.511580016484947,0.008584645023340496,0.0,5.344892159959537,-3.3192217986526473,,,0.5865051903114187,,1.0,0.7226270104592785,0.14939008610410082,0.37017750747453004,0.4826648907469422,0.016501116331178386,0.14919852034525277,3.0255448125708013,-3.7560645655830363,0.7057186273860072,0.7417068953234751,0.9458345244241165,,1.0,0.7226270104592785,0.28313999989687383,0.5203363370128097,0.7579823207153944,0.016501116331178386,0.14919852034525277,4.081598461921738,-5.7855888563803095,,,0.9458345244241165,,1.0,volt_only,,,,,,,,,,,,,,
nasa,severson,20,no_soh,xgboost,0.6686383939894516,0.4887061739899434,0.6742703283579485,1.2132104893310538,0.026122361257271836,0.1060419235511714,8.767147677687085,-14.199755956024157,0.646539194460098,0.6870840666129914,0.7087420374692273,,1.0,0.5283874168220463,0.11988620849053626,0.3344969068520406,0.4231697392236641,0.007300321358165828,0.0,2.251152546008875,-3.531109201486142,,,0.523356401384083,,1.0,0.6686383939894516,0.17549413105317593,0.4054581055003212,0.5388561591590851,0.026122361257271836,0.1060419235511714,26.33814626444249,1.5814457542507607,0.646539194460098,0.6870840666129914,0.7087420374692273,,1.0,0.6686383939894516,0.31250270315151807,0.5485246697943814,0.8180911157216136,0.026122361257271836,0.1060419235511714,29.01367877831333,-14.264571094052243,,,0.7087420374692273,,1.0,volt_only,,,,,,,,,,,,,,
nasa+calce,severson,20,with_soh,xgboost,0.7225397086608847,0.37736089770313175,0.58157216157592,0.9631011822634199,0.018395846697750032,0.1504315659679408,1.4373013213121202,-5.943217252215807,0.7048372885657606,0.7400519795493855,0.9748569624411744,,1.0,0.5358273956755638,0.16838315131090378,0.3942691337893734,0.5250618772592379,0.009440231939385965,0.1504315659679408,0.5964839511420791,-4.748505378133152,,,0.601717730684063,,1.0,0.7225397086608847,0.09570198240135586,0.2777260932611253,0.35103557513935263,0.018395846697750032,0.1504315659679408,1.7624244935117672,-3.6523367307693513,0.7048372885657606,0.7400519795493855,0.9748569624411744,,1.0,0.7225397086608847,0.30118813347976575,0.5305829640413076,0.7930117008772765,0.018395846697750032,0.1504315659679408,2.972215047731284,-5.907389150321588,,,0.9748569624411744,,1.0,volt_only,,,,,,,,,,,,,,
nasa+calce,severson,20,no_soh,xgboost,0.6113062335951874,0.5390733059437443,0.7062581338447995,1.352028781676384,0.022504181749310487,0.02219482120838471,2.534869630970775,-8.063216867698197,0.5845019261691506,0.6368349107673578,0.748020300453539,,1.0,0.616175439196702,0.2685361703845376,0.5098780206803508,0.7297076388810178,0.008955092035378687,0.0,20.935417861785353,-7.5146216178080385,,,0.6505190311418685,,1.0,0.6113062335951874,0.23662805267357284,0.4608748342166366,0.6542365819860482,0.022504181749310487,0.02219482120838471,2.9724596529439564,-5.091515614772088,0.5845019261691506,0.6368349107673578,0.748020300453539,,1.0,0.6113062335951874,0.37996761667969925,0.5990007595044684,0.9577621579271451,0.022504181749310487,0.02219482120838471,5.155651445656312,-7.995846324686527,,,0.748020300453539,,1.0,volt_only,,,,,,,,,,,,,,
,,20,with_soh,xgboost,,,,,,,,,,,,,,,,,,,,,,,,,,,,,,,,,,,,,,,,,,,,,,,,,,,,,volt_only,0.8211563743804977,0.164344156446369,0.12527737359836294,0.57205734332551,0.7142978112906442,0.5439739413680782,0.42926318108433215,-0.37974716410155474,0.581581085110223,0.9688197009185614,0.9846103018009712,0.01909918445565346,3.0,nasa
,,20,with_soh,xgboost,,,,,,,,,,,,,,,,,,,,,,,,,,,,,,,,,,,,,,,,,,,,,,,,,,,,,volt_only,0.6805061735645841,0.17570852400879727,0.2009572571681036,0.5205337924132506,0.6145490387457935,0.4820846905537459,0.4609711670162772,-0.5764892684684518,,,0.9577263507283792,0.03798274569346446,3.0,nasa
,,20,with_soh,xgboost,,,,,,,,,,,,,,,,,,,,,,,,,,,,,,,,,,,,,,,,,,,,,,,,,,,,,volt_only,0.7580247304006831,0.17913189564815862,0.08655374706307964,0.5338744703750014,0.5392471175230715,0.30944625407166126,0.9339823934776511,-0.11569331883750633,0.5613573137933566,0.955636421586109,0.9846103018009712,0.01909918445565346,3.0,nasa
,,20,with_soh,xgboost,,,,,,,,,,,,,,,,,,,,,,,,,,,,,,,,,,,,,,,,,,,,,,,,,,,,,volt_only,0.8255521872896402,0.1565815895803831,0.09545598308634581,0.48126802559151777,0.6493736045730862,0.4755700325732899,1.262905684863967,-0.39648056727967296,,,0.9846103018009712,0.01909918445565346,3.0,nasa
,,20,no_soh,xgboost,,,,,,,,,,,,,,,,,,,,,,,,,,,,,,,,,,,,,,,,,,,,,,,,,,,,,volt_only,0.7769836501059423,0.19914695989770026,0.16662559968564666,0.6821437318567789,0.6360125991280057,0.38762214983713356,0.338666841364724,-0.42336292038447765,0.5504174680011173,0.9566510293208932,0.9952312168336509,0.004703608612852177,3.0,nasa
,,20,no_soh,xgboost,,,,,,,,,,,,,,,,,,,,,,,,,,,,,,,,,,,,,,,,,,,,,,,,,,,,,volt_only,0.6618747938756794,0.19332686623584147,0.1890067930064841,0.6303679662417969,0.5493343977880308,0.3778501628664495,0.23759680265232408,-0.7490854522419005,,,0.9692206036019423,0.03819836891130692,3.0,nasa
,,20,no_soh,xgboost,,,,,,,,,,,,,,,,,,,,,,,,,,,,,,,,,,,,,,,,,,,,,,,,,,,,,volt_only,0.6783873284932708,0.19912593849956473,0.06794156149342089,0.5846616727995151,0.4506473963072887,0.254071661237785,0.6243722332716661,-0.3553577942783407,0.4721664647577093,0.9379175254137483,0.9952312168336509,0.004703608612852177,3.0,nasa
,,20,no_soh,xgboost,,,,,,,,,,,,,,,,,,,,,,,,,,,,,,,,,,,,,,,,,,,,,,,,,,,,,volt_only,0.7825043935540125,0.17484255986006209,0.08593898400908581,0.5245904053449827,0.5649962583161705,0.3583061889250814,1.0193941069764658,-0.47876884187002,,,0.9952312168336509,0.004703608612852177,3.0,nasa
