AUC,Brier,ECE10,LogLoss,PRAUC,SensAtFPR10,CalSlope,CalIntercept,AUC_lo,AUC_hi,AUC_percell_mean,AUC_percell_std,n_cells_valid,dataset,feature_set,H,model
0.8459373042106855,0.15877868765365863,0.10813160711356506,0.5215755138706324,0.7739615273916836,0.5735735735735735,0.5148494571636538,-0.3889935420226171,0.6820459049516742,0.9562165715233546,0.9344413635683478,0.11538007174688902,18,nasa,full,10,xgboost
0.7539762784367101,0.18344830040901727,0.14429565923930374,0.5595157547658579,0.6064897519067952,0.2912912912912913,0.5105966747370385,-0.29998011324918394,,,0.8956265544281418,0.16764488224782248,18,nasa,full,10,xgboost
0.8077235508890186,0.1759845304707329,0.12302499657966998,0.5212039656729983,0.6086231054153711,0.2912912912912913,0.9893692494969282,-0.01613061170860012,0.6804446089524083,0.9287944403953406,0.9344413635683478,0.11538007174688902,18,nasa,full,10,xgboost
0.8237453280618748,0.15795062460189957,0.08583991157398183,0.4822914018488566,0.699549551444583,0.44144144144144143,1.1440053541567865,-0.3774828981901331,,,0.9344413635683478,0.11538007174688902,18,nasa,full,10,xgboost
0.8068772659565498,0.1915056963812111,0.13383450720658874,0.6542280113542472,0.7565693747319036,0.5166240409207161,0.4094353024939801,-0.3259528519647226,0.6444873027956497,0.9376773473212453,0.942068718689708,0.10489643362213777,11,nasa,full,20,xgboost
0.717403349299586,0.2111407255341124,0.16136066161667073,0.9547730810991037,0.6264722212517114,0.3452685421994885,0.13188865039933861,-0.460509227644919,,,0.9271099907964881,0.10358701673146807,11,nasa,full,20,xgboost
0.7368318564884149,0.2037007269641415,0.11441820181074319,0.5915608948196895,0.6422551517981265,0.3069053708439898,0.8403125622891697,-0.15103098808030205,0.5891706477750205,0.9100315629247318,0.942068718689708,0.10489643362213777,11,nasa,full,20,xgboost
0.778772378516624,0.18959174630105827,0.104431292145729,0.567430156416911,0.6920346277320325,0.3375959079283887,0.8845237640714187,-0.3507017723315791,,,0.942068718689708,0.10489643362213777,11,nasa,full,20,xgboost
0.8337244280483012,0.17668846523887186,0.1276628752265095,0.6228283598329408,0.8060189802463833,0.5710955710955711,0.44543521674226,-0.27078298901548276,0.6911310180665585,0.9492989611893378,0.9521320239346914,0.06119440066212594,11,nasa,full,30,xgboost
0.7478781652404356,0.213519937857586,0.181429859297101,0.8059446940210893,0.6801278117614034,0.4405594405594406,0.1916525312533412,-0.30625111806733013,,,0.8801829881456499,0.15752175432174362,11,nasa,full,30,xgboost
0.7660280732067042,0.19251110469580135,0.10445312686202114,0.5695950121372767,0.7201750420601213,0.36363636363636365,0.9778899838213991,-0.11501993057625397,0.6312105817262663,0.9190194674156408,0.9521320239346914,0.06119440066212594,11,nasa,full,30,xgboost
0.8003743613092528,0.18226934694334676,0.12049785538810112,0.5545863059842508,0.7374262140145212,0.38927738927738925,0.9571911504303253,-0.24581857956317726,,,0.9521320239346914,0.06119440066212594,11,nasa,full,30,xgboost
0.8869061150261424,0.13882129274507146,0.0987329453246664,0.4771713507414184,0.8716380081159053,0.6365461847389559,0.634204154494041,-0.3984012867264309,0.7932822170689695,0.963325121565121,0.9633022621117859,0.05088757559429615,7,nasa,full,50,xgboost
0.8210237175115557,0.1762636086709755,0.1665312774495051,0.5958036899361673,0.7890527908287487,0.5120481927710844,0.5635691528547038,-0.16435274144410922,,,0.9223761630089952,0.11582248139003667,7,nasa,full,50,xgboost
0.8412101235129196,0.1552803832883814,0.1282766155762012,0.48791242664862666,0.8014037050559776,0.40160642570281124,1.1805076701685384,-0.20240493110107988,0.747711402647217,0.946163465011423,0.9633022621117859,0.05088757559429615,7,nasa,full,50,xgboost
0.8601007804804122,0.14897374261810573,0.10813586288891962,0.47143981912478083,0.8209808096469036,0.45582329317269077,1.325826455952004,-0.2812246046843364,,,0.9633022621117859,0.05088757559429615,7,nasa,full,50,xgboost
0.7899150949510663,0.20285518726161206,0.1604050880322847,0.638933105861174,0.6612278818432781,0.4084084084084084,0.40541713389170897,-0.47495890683909214,0.6226618484112372,0.9261809629150797,0.9079032146571829,0.1544328107889778,18,nasa,no_soh,10,xgboost
0.7039406312787608,0.20265094788123386,0.17181400402811592,0.5868738107867294,0.5684227979344794,0.24324324324324326,0.38011701198604864,-0.4598120689348001,,,0.8781782556584143,0.17761282180184743,18,nasa,no_soh,10,xgboost
0.7261779765376888,0.20657745006799905,0.17755714680540494,0.593112429339476,0.4982792519981045,0.17717717717717718,0.6895714758442321,-0.2624194554935888,0.5736408729315435,0.8920768277580858,0.9079032146571829,0.1544328107889778,18,nasa,no_soh,10,xgboost
0.767554604964677,0.1854593593750461,0.09304992759017582,0.5456375972010717,0.5859168963915997,0.33633633633633636,0.9478396708858136,-0.5004689656620124,,,0.9079032146571829,0.1544328107889778,18,nasa,no_soh,10,xgboost
0.7622145848305877,0.23473315002450632,0.18467449891919557,0.7714269414864849,0.7017574535771826,0.3631713554987212,0.340132476837237,-0.4303365050717334,0.587812578008739,0.9140804851975104,0.905264039522637,0.11475107575595778,11,nasa,no_soh,20,xgboost
0.6627373357369704,0.22708641434998914,0.1244609663071027,0.8527487226887899,0.6039702212293397,0.319693094629156,0.13911446326991883,-0.36347235740430445,,,0.8331905533512116,0.14434688912771346,11,nasa,no_soh,20,xgboost
0.673138151581703,0.224649289648783,0.14141053908080645,0.637826744244265,0.5542117608361029,0.23529411764705882,0.6318681723621196,-0.22071238231025028,0.4913340555992503,0.8817602647147347,0.905264039522637,0.11475107575595778,11,nasa,no_soh,20,xgboost
0.7151790482079119,0.21255567116979363,0.15040686657012667,0.6169564790903279,0.6248445561163417,0.23785166240409208,0.7450569987100164,-0.4162733790963882,,,0.905264039522637,0.11475107575595778,11,nasa,no_soh,20,xgboost
0.7741496122130513,0.2271899850506189,0.16654275680928637,0.748698734335842,0.7369822970350992,0.3916083916083916,0.3649221770054987,-0.3509272740858754,0.6110372874663093,0.9137326933297168,0.8976787796309487,0.10933918545122666,11,nasa,no_soh,30,xgboost
0.7046125827427998,0.21599585041228814,0.12343865958483469,0.8142732716043927,0.677967037068721,0.31934731934731936,0.17115799130251247,-0.2885873826633049,,,0.8283416079756777,0.15841552625345182,11,nasa,no_soh,30,xgboost
0.6857972300376307,0.2228236960065549,0.1587438057460124,0.6343608745136539,0.6043787628037866,0.2634032634032634,0.7575482135642019,-0.16213405372153702,0.5259127964662361,0.8744605736053646,0.8976787796309487,0.10933918545122666,11,nasa,no_soh,30,xgboost
0.7288799125193115,0.20913811913105074,0.12775471919943449,0.6092741980230583,0.6638279612621273,0.24475524475524477,0.8496357646014051,-0.29814627703042373,,,0.8976787796309487,0.10933918545122666,11,nasa,no_soh,30,xgboost
0.8368398120785028,0.19744449161102073,0.1642377047261843,0.6204969260209541,0.8554718285924124,0.5622489959839357,0.4867399163917006,-0.33082517625551006,0.6830031291542037,0.9499540046878832,0.9573932020360593,0.05404135836285816,7,nasa,no_soh,50,xgboost
0.7688186709100553,0.19248655337640924,0.14672537329782995,0.5519175755847547,0.7823878078196013,0.39959839357429716,0.6952299326713762,-0.2095222947601993,,,0.853915374748708,0.1718993444832201,7,nasa,no_soh,50,xgboost
0.7219083882700613,0.21965047641022312,0.17085275813995635,0.6276203574935426,0.6875617197380383,0.3253012048192771,0.8470175702703167,-0.11880567518010456,0.5857160126041104,0.8947001702962193,0.9573932020360593,0.05404135836285816,7,nasa,no_soh,50,xgboost
0.7675323937258467,0.19350878717032777,0.07322729356414259,0.5693662245496474,0.7605470353827364,0.3072289156626506,1.163663776931963,-0.16492132653796682,,,0.9573932020360593,0.05404135836285816,7,nasa,no_soh,50,xgboost
0.8600600600600601,0.1461450114383715,0.07808205714723453,0.4691492361405281,0.7693449685341943,0.5525525525525525,0.5989767835166812,-0.018476549398924912,0.7309168021658966,0.9566186080733721,0.897237635943985,0.1738930965802869,18,nasa,no_cycle,10,xgboost
0.7611402769676151,0.17227746903880956,0.1458011310440362,0.5391585077895115,0.6036776852929162,0.3123123123123123,0.5704104139357841,-0.21160140162736918,,,0.8871231846442336,0.1685945658968724,18,nasa,no_cycle,10,xgboost
0.8289195670490634,0.16565179379479256,0.09738228697768746,0.49777988683888463,0.6779538462973231,0.32732732732732733,1.1622440487325552,0.22334532277300473,0.7241972341894659,0.9284396567024893,0.897237635943985,0.1738930965802869,18,nasa,no_cycle,10,xgboost
0.8635470002376479,0.14117467076336881,0.04120822086357661,0.4323521022190259,0.7356637851331971,0.5255255255255256,1.33627693785663,0.007885036988562674,,,0.897237635943985,0.1738930965802869,18,nasa,no_cycle,10,xgboost
0.8404545764794211,0.1757769367591579,0.13132454776994434,0.5611584133933292,0.7791424254659336,0.48081841432225064,0.498375394672603,-0.07552242201225076,0.7157261225744173,0.9543374227259375,0.9347061923126833,0.10432453236748346,11,nasa,no_cycle,20,xgboost
0.7370346131763742,0.20366752338629343,0.21354899019010584,0.6873186494215009,0.642656144628665,0.35294117647058826,0.2392007939688536,-0.498948055866759,,,0.9037024485219671,0.11395829109706014,11,nasa,no_cycle,20,xgboost
0.8158828748890861,0.18990135788568802,0.17852853140746222,0.5578789433859055,0.6976985543120049,0.30434782608695654,0.9743224900615847,0.029380240107746876,0.7037658548502808,0.9379641718573265,0.9347061923126833,0.10432453236748346,11,nasa,no_cycle,20,xgboost
0.8331995005360002,0.16594116591210395,0.11076722686962263,0.5009862682717248,0.7335890184572816,0.33248081841432225,1.1120657260923168,-0.13760516707594078,,,0.9347061923126833,0.10432453236748346,11,nasa,no_cycle,20,xgboost
0.8608130878581629,0.1568025311850662,0.11075448462182878,0.5230127509938357,0.833933124726179,0.5244755244755245,0.5465015739151592,-0.02972780404066825,0.7362757101566719,0.9604699191412491,0.9418909611977668,0.0889176156148734,11,nasa,no_cycle,30,xgboost
0.7728323429492046,0.19071947700603387,0.19037835219211385,0.5984927471454534,0.7242514999220336,0.43123543123543123,0.4738902801584978,-0.24348651730653795,,,0.8781920121221897,0.14225997731317425,11,nasa,no_cycle,30,xgboost
0.8369971708869872,0.1709973403230409,0.13300312067181125,0.5190772590024657,0.7639646560277372,0.34965034965034963,1.1740689827076052,0.07335649618919056,0.7337510728168966,0.9435047817283658,0.9418909611977668,0.0889176156148734,11,nasa,no_cycle,30,xgboost
0.8443287374839963,0.15717087368963234,0.11937832435709556,0.48514385198113424,0.7844148749912141,0.42424242424242425,1.2117047319418297,-0.02874823755415549,,,0.9418909611977668,0.0889176156148734,11,nasa,no_cycle,30,xgboost
0.9067856330984316,0.1281995866822597,0.069501304714637,0.4114812460140817,0.899578789836319,0.6485943775100401,0.7179684617756718,-0.27258133575528826,0.819383559800847,0.9702412229127397,0.963888844841226,0.0509039950780638,7,nasa,no_cycle,50,xgboost
0.852150109873456,0.15952025299106423,0.16122144276455094,0.49821694663467364,0.822534211822402,0.43373493975903615,0.6866052210608401,-0.01668574975865546,,,0.9248711420390617,0.11303668635256534,7,nasa,no_cycle,50,xgboost
0.8671667803288625,0.14229735215056066,0.13402352139325294,0.4496031696350941,0.8228068579917273,0.3895582329317269,1.2398098266714819,-0.10237912197264375,0.776249945649033,0.9563991249076305,0.963888844841226,0.0509039950780638,7,nasa,no_cycle,50,xgboost
0.8907365310297795,0.13217946222051685,0.07607472584623699,0.42209473502383277,0.8689028454795703,0.5542168674698795,1.4458695307502165,-0.16953177198956965,,,0.963888844841226,0.0509039950780638,7,nasa,no_cycle,50,xgboost
0.797703458854538,0.18610714521253838,0.13153137930961967,0.5875234988103811,0.629854986977275,0.40540540540540543,0.4819928960988897,-0.108959255081013,0.6476983929036636,0.9282419845241601,0.8220048499040907,0.2234984835337733,18,nasa,no_soh_no_cycle,10,xgboost
0.6299976235228034,0.2124914483637401,0.19124542362813682,0.6603822173308997,0.532770204354456,0.3213213213213213,0.27627964710502595,-0.4979743949562826,,,0.7364074733562311,0.22056610456989376,18,nasa,no_soh_no_cycle,10,xgboost
0.6422775293278891,0.20281693323584243,0.059692608041754774,0.5951121183958942,0.46807683153928137,0.27927927927927926,0.7900862227400957,-0.1593522656489902,0.5024445022445159,0.8472749933601588,0.8220048499040907,0.2234984835337733,18,nasa,no_soh_no_cycle,10,xgboost
0.7839674206580682,0.17645482034358873,0.08611338408001926,0.5319038721338915,0.5949608137177602,0.3933933933933934,1.2258229721666978,-0.17786131382251233,,,0.8220048499040907,0.2234984835337733,18,nasa,no_soh_no_cycle,10,xgboost
0.7990279723929705,0.1887433195772143,0.1271764538139884,0.6227895998911791,0.7397518271326543,0.3836317135549872,0.44347425251274164,-0.1775214353043768,0.6434733642088435,0.9428780148762272,0.8303932192151353,0.1759553262148717,11,nasa,no_soh_no_cycle,20,xgboost
0.6296779581397777,0.22040152196562332,0.08761895340540742,0.6386703054725271,0.5837498776464758,0.24296675191815856,0.36258003917993886,-0.41081716292981035,,,0.729848243334206,0.18717164843261536,11,nasa,no_soh_no_cycle,20,xgboost
0.7071972601749729,0.2075209151229987,0.0937747478048986,0.6054229976536584,0.5899721709350159,0.2966751918158568,0.8575641719942726,-0.10236958911124024,0.5400503870373122,0.910624273121167,0.8303932192151353,0.1759553262148717,11,nasa,no_soh_no_cycle,20,xgboost
0.771163983988244,0.18808109648469448,0.13857608667454954,0.5624387794495881,0.6798391849866452,0.42455242966751916,1.154283969212506,-0.2627989736546386,,,0.8303932192151353,0.1759553262148717,11,nasa,no_soh_no_cycle,20,xgboost
0.810959213296442,0.1850313987660219,0.1265070838113098,0.6070885438932486,0.7747142542912562,0.41025641025641024,0.4706955438512235,-0.07624809337702847,0.6564107247836539,0.9452707390018124,0.8217980508981675,0.15801193510990177,11,nasa,no_soh_no_cycle,30,xgboost
0.72293371625592,0.20380456871933172,0.13419805636419826,0.5873682195516227,0.7054491524488787,0.3613053613053613,0.6664052723389768,-0.26097432820517,,,0.7306153974578088,0.2039860130813392,11,nasa,no_soh_no_cycle,30,xgboost
0.7301174062442843,0.20072893425351895,0.09814211729744574,0.5912949016175097,0.6544693302287107,0.27972027972027974,0.9729268804762491,-0.057313689947725656,0.5525649728597343,0.9157176569865026,0.8217980508981675,0.15801193510990177,11,nasa,no_soh_no_cycle,30,xgboost
0.7824657257044569,0.185054428814944,0.1317953671336542,0.5561898138595499,0.729120620602997,0.372960372960373,1.22575512811623,-0.123450767700457,,,0.8217980508981675,0.15801193510990177,11,nasa,no_soh_no_cycle,30,xgboost
0.8575130711525347,0.15732529893100045,0.12389366337639943,0.5320191534864959,0.8640624515678219,0.5863453815261044,0.5440011261499983,-0.07156889962867401,0.6958363823401408,0.9650732721142212,0.9389357556024223,0.10787785740761964,7,nasa,no_soh_no_cycle,50,xgboost
0.8152231567780556,0.18530577447391727,0.20067394280119116,0.5611413625719818,0.8165346822159895,0.45180722891566266,0.6375423138947998,-0.16249975758399163,,,0.8447589888066079,0.16958809783428153,7,nasa,no_soh_no_cycle,50,xgboost
0.7879934833674321,0.1811136017309261,0.1813871980365167,0.5482755113929443,0.7849632013860839,0.40763052208835343,1.0149647105566117,-0.04827058590222112,0.6148935277302496,0.9431193924048314,0.9389357556024223,0.10787785740761964,7,nasa,no_soh_no_cycle,50,xgboost
0.8163522012578617,0.1683731335087265,0.12111660490258619,0.5199969833057568,0.8128025961854334,0.46586345381526106,1.2623849344999754,0.0058013193106614845,,,0.9389357556024223,0.10787785740761964,7,nasa,no_soh_no_cycle,50,xgboost
0.5400025925205781,0.24041505496345308,0.1593190113640597,0.6868366823640278,0.40526801260286655,0.14414414414414414,0.24540458385833497,-0.518290383744218,0.4608185963070944,0.6801915279853565,0.8044995054379113,0.1902195630707166,18,nasa,soh_only,10,xgboost
0.42196513059822416,0.22525544544552561,0.19792158825258768,0.6501150906389682,0.3634283234359974,0.12912912912912913,0.20238382358066495,-0.5100896645411103,,,0.7408679076337806,0.17522353892550138,18,nasa,soh_only,10,xgboost
0.24053621967291033,0.24608173979416734,0.19469997970498265,0.691985576024816,0.2153408941101936,0.0,-3.5876915272006684,-3.486792324201938,0.12829202314745736,0.4727068534230578,0.5905371859755918,0.3545114781836955,18,nasa,soh_only,10,xgboost
0.42077689199991364,0.24514030702095974,0.1833030622666106,0.6849897063447993,0.37709545060335153,0.17417417417417416,-0.38083551037334534,-0.8455717062987488,,,0.8044995054379113,0.1902195630707166,18,nasa,soh_only,10,xgboost
0.5806449670169072,0.2467205286679338,0.14077464637893763,0.7029777853040169,0.49072388225678654,0.21994884910485935,0.3335197567993369,-0.29980267522887755,0.5080636179495939,0.7048452902631132,0.852494520422789,0.166028026165812,11,nasa,soh_only,20,xgboost
0.45525902668759816,0.2428351125075529,0.17032148818487403,0.8461479176426545,0.42293976820248236,0.17135549872122763,0.01865187559843074,-0.479913168931581,,,0.7500069887205698,0.15953913113585186,11,nasa,soh_only,20,xgboost
0.3646348171375573,0.2566324331010998,0.16058521985803448,0.7088753677089172,0.31537316079173827,0.043478260869565216,-1.5908196674523967,-1.284517865027488,0.24195679594645195,0.5556925142086564,0.7781143551335327,0.2813548952994098,11,nasa,soh_only,20,xgboost
0.49198207711178116,0.2434844299619189,0.13496704568247245,0.6803422675838691,0.4890016249395719,0.2506393861892583,0.40954891261162124,-0.4252412447960987,,,0.852494520422789,0.166028026165812,11,nasa,soh_only,20,xgboost
0.5976433138369699,0.25301821502574295,0.1573181738768947,0.7198651530845772,0.5467513315806098,0.2564102564102564,0.3413088995470565,-0.2178651359084375,0.5127394463193691,0.7154944531000145,0.8473552430719086,0.16059190994105346,11,nasa,soh_only,30,xgboost
0.43067311097361183,0.2559966093330017,0.167535991276139,0.7176227575287228,0.4599172809900562,0.23543123543123542,0.1024551109253698,-0.30128602417466865,,,0.7340687809800222,0.19983214509676628,11,nasa,soh_only,30,xgboost
0.40694086103101124,0.2628765406655579,0.16218255690363934,0.7203178283028395,0.39955235401373496,0.11188811188811189,-0.9226332676170561,-0.6470707602609208,0.2808277915411416,0.5878168150497685,0.7789121918702366,0.270073658592927,11,nasa,soh_only,30,xgboost
0.5324569698526292,0.24258951263339476,0.09571014815382337,0.6783098004277867,0.5519985441429169,0.27505827505827507,0.8308227832086031,-0.2684381525505647,,,0.8473552430719086,0.16059190994105346,11,nasa,soh_only,30,xgboost
0.6268886868227628,0.25104735007710066,0.15295374892463598,0.7117081797447166,0.6283913689768352,0.3112449799196787,0.40649125576494577,-0.05948681399811614,0.5174086975898505,0.7463262028018883,0.8873270028031932,0.1294385586898489,7,nasa,soh_only,50,xgboost
0.466880730469046,0.26504507726325793,0.19345584971092936,0.7309099297885989,0.5340830077247295,0.30120481927710846,0.20138060190423945,-0.06344658745524089,,,0.8308140272425987,0.16853859620060996,7,nasa,soh_only,50,xgboost
0.4439948473137834,0.2691832356281975,0.1643315320427864,0.7323786550100806,0.4917708452307929,0.19076305220883535,-0.3160186136311902,-0.07454480409363727,0.2992621489550691,0.6048385101659722,0.7720208803542137,0.3247342444515199,7,nasa,soh_only,50,xgboost
0.58150337197848,0.240667235398857,0.056016714810112764,0.6740446353322722,0.6088989407365574,0.2891566265060241,1.0590839788306285,-0.07246738425387085,,,0.8873270028031932,0.1294385586898489,7,nasa,soh_only,50,xgboost
0.3925119363968285,0.28721244505599947,0.20864573032649575,0.835430514187344,0.2638398501048396,0.024024024024024024,-0.49964427032190717,-1.239732151635621,0.2757075896066547,0.586946164368469,0.8565147876814544,0.15369105658600804,18,nasa,cycle_only,10,xgboost
0.27232700326225506,0.2490138534965022,0.21646126570565344,0.6985096650099877,0.24756653212764235,0.042042042042042045,-2.656729979781223,-2.8463324185241667,,,0.5887316046736336,0.11605236470870871,18,nasa,cycle_only,10,xgboost
0.3195843325339728,0.25141498997602685,0.14185245354531106,0.7098634741676176,0.24172200356674894,0.006006006006006006,-1.5371392992338675,-1.9476144482453168,0.22218467020521449,0.467467408947035,0.14348521231854564,0.15369105658600807,18,nasa,cycle_only,10,xgboost
0.31034631754056213,0.26324539820773846,0.22815106082842243,0.7231729321468575,0.23943824001996766,0.036036036036036036,-2.653611242491906,-1.325257323031038,,,0.8565147876814544,0.15369105658600804,18,nasa,cycle_only,10,xgboost
0.38924064609121245,0.3020562428872078,0.2037285900518936,0.8545242737973735,0.3159508235799545,0.03836317135549872,-0.5573772566456414,-0.8632391536732688,0.27688128979025156,0.5727155658126358,0.7855359135583412,0.29017025221938775,11,nasa,cycle_only,20,xgboost
0.2463293009511497,0.2609006901455197,0.23203811910816213,0.7179381431145487,0.28909204148814094,0.0,-4.685171842257814,-2.9241917136076947,,,0.5395177738927738,0.08793797136821636,11,nasa,cycle_only,20,xgboost
0.4138043177137076,0.26540611339350295,0.13394537067622295,0.7334668464664702,0.3364702405982707,0.0076726342710997444,-0.8426381443380337,-0.9194922274449745,0.2725574523998973,0.5318860973600731,0.2144640864416588,0.2901702522193878,11,nasa,cycle_only,20,xgboost
0.37427278603749187,0.2523916507776949,0.10937366509573876,0.6979581286864843,0.31224820584429336,0.043478260869565216,-10.439540414854338,-0.9521413155195825,,,0.7855359135583412,0.29017025221938775,11,nasa,cycle_only,20,xgboost
0.39970269018683047,0.29997885976996513,0.21032176166410463,0.8316318541996603,0.3590955034116297,0.06293706293706294,-0.41709110084308865,-0.5173417082340237,0.2873973066826168,0.5633726630207527,0.7902634171742324,0.3194149396114568,11,nasa,cycle_only,30,xgboost
0.2532114518758926,0.27014443423920514,0.24512275429722483,0.7349149884523117,0.32224561643119665,0.0,-4.7501834696526775,-2.0445329909727574,,,0.5195503421309873,0.06484114937156207,11,nasa,cycle_only,30,xgboost
0.3708161621350269,0.28067004572753096,0.1597232767804302,0.7631023638741726,0.3353931746307154,0.004662004662004662,-1.128279793627779,-0.7276271076048881,0.24522632597119337,0.48020272631448413,0.20973658282576754,0.3194149396114567,11,nasa,cycle_only,30,xgboost
0.39970269018683047,0.2510329514359029,0.07762001771774035,0.695216336532423,0.3590955034116297,0.06293706293706294,-8.348765144617143,-0.5176057848436539,,,0.7902634171742324,0.3194149396114568,11,nasa,cycle_only,30,xgboost
0.4267920739562021,0.29718365251435735,0.17399054358021182,0.8359439729407224,0.4444715771340504,0.08634538152610442,-0.38803282020820334,-0.0959191980023341,0.3054268089335822,0.5595313987675257,0.6750003465855595,0.39941770306501434,7,nasa,cycle_only,50,xgboost
0.26670834280518296,0.2794289382223719,0.26126693597965545,0.7525797770534812,0.3868329045289351,0.030120481927710843,-3.817616659032256,-0.31817346775206556,,,0.5487012987012987,0.1288515248895093,7,nasa,cycle_only,50,xgboost
0.339544972342199,0.29032295971117617,0.18275908004374336,0.7785213918130494,0.39423936054186526,0.03413654618473896,-1.3518875792501586,-0.1458402145934969,0.24743934546749002,0.44087398894868207,0.32499965341444037,0.39941770306501434,7,nasa,cycle_only,50,xgboost
0.4267920739562021,0.25174421715326345,0.02349344395341328,0.6966415052702671,0.4444715771340504,0.08634538152610442,-7.774112027521636,-0.09581764075782132,,,0.6750003465855595,0.39941770306501434,7,nasa,cycle_only,50,xgboost
0.797703458854538,0.18610714521253838,0.13153137930961967,0.5875234988103811,0.629854986977275,0.40540540540540543,0.4819928960988897,-0.108959255081013,0.6476983929036636,0.9282419845241601,0.8220048499040907,0.2234984835337733,18,nasa,sensors_only,10,xgboost
0.6299976235228034,0.2124914483637401,0.19124542362813682,0.6603822173308997,0.532770204354456,0.3213213213213213,0.27627964710502595,-0.4979743949562826,,,0.7364074733562311,0.22056610456989376,18,nasa,sensors_only,10,xgboost
0.6422775293278891,0.20281693323584243,0.059692608041754774,0.5951121183958942,0.46807683153928137,0.27927927927927926,0.7900862227400957,-0.1593522656489902,0.5024445022445159,0.8472749933601588,0.8220048499040907,0.2234984835337733,18,nasa,sensors_only,10,xgboost
0.7839674206580682,0.17645482034358873,0.08611338408001926,0.5319038721338915,0.5949608137177602,0.3933933933933934,1.2258229721666978,-0.17786131382251233,,,0.8220048499040907,0.2234984835337733,18,nasa,sensors_only,10,xgboost
0.7990279723929705,0.1887433195772143,0.1271764538139884,0.6227895998911791,0.7397518271326543,0.3836317135549872,0.44347425251274164,-0.1775214353043768,0.6434733642088435,0.9428780148762272,0.8303932192151353,0.1759553262148717,11,nasa,sensors_only,20,xgboost
0.6296779581397777,0.22040152196562332,0.08761895340540742,0.6386703054725271,0.5837498776464758,0.24296675191815856,0.36258003917993886,-0.41081716292981035,,,0.729848243334206,0.18717164843261536,11,nasa,sensors_only,20,xgboost
0.7071972601749729,0.2075209151229987,0.0937747478048986,0.6054229976536584,0.5899721709350159,0.2966751918158568,0.8575641719942726,-0.10236958911124024,0.5400503870373122,0.910624273121167,0.8303932192151353,0.1759553262148717,11,nasa,sensors_only,20,xgboost
0.771163983988244,0.18808109648469448,0.13857608667454954,0.5624387794495881,0.6798391849866452,0.42455242966751916,1.154283969212506,-0.2627989736546386,,,0.8303932192151353,0.1759553262148717,11,nasa,sensors_only,20,xgboost
0.810959213296442,0.1850313987660219,0.1265070838113098,0.6070885438932486,0.7747142542912562,0.41025641025641024,0.4706955438512235,-0.07624809337702847,0.6564107247836539,0.9452707390018124,0.8217980508981675,0.15801193510990177,11,nasa,sensors_only,30,xgboost
0.72293371625592,0.20380456871933172,0.13419805636419826,0.5873682195516227,0.7054491524488787,0.3613053613053613,0.6664052723389768,-0.26097432820517,,,0.7306153974578088,0.2039860130813392,11,nasa,sensors_only,30,xgboost
0.7301174062442843,0.20072893425351895,0.09814211729744574,0.5912949016175097,0.6544693302287107,0.27972027972027974,0.9729268804762491,-0.057313689947725656,0.5525649728597343,0.9157176569865026,0.8217980508981675,0.15801193510990177,11,nasa,sensors_only,30,xgboost
0.7824657257044569,0.185054428814944,0.1317953671336542,0.5561898138595499,0.729120620602997,0.372960372960373,1.22575512811623,-0.123450767700457,,,0.8217980508981675,0.15801193510990177,11,nasa,sensors_only,30,xgboost
0.8575130711525347,0.15732529893100045,0.12389366337639943,0.5320191534864959,0.8640624515678219,0.5863453815261044,0.5440011261499983,-0.07156889962867401,0.6958363823401408,0.9650732721142212,0.9389357556024223,0.10787785740761964,7,nasa,sensors_only,50,xgboost
0.8152231567780556,0.18530577447391727,0.20067394280119116,0.5611413625719818,0.8165346822159895,0.45180722891566266,0.6375423138947998,-0.16249975758399163,,,0.8447589888066079,0.16958809783428153,7,nasa,sensors_only,50,xgboost
0.7879934833674321,0.1811136017309261,0.1813871980365167,0.5482755113929443,0.7849632013860839,0.40763052208835343,1.0149647105566117,-0.04827058590222112,0.6148935277302496,0.9431193924048314,0.9389357556024223,0.10787785740761964,7,nasa,sensors_only,50,xgboost
0.8163522012578617,0.1683731335087265,0.12111660490258619,0.5199969833057568,0.8128025961854334,0.46586345381526106,1.2623849344999754,0.0058013193106614845,,,0.9389357556024223,0.10787785740761964,7,nasa,sensors_only,50,xgboost
0.8450699349797401,0.11051880540174903,0.10981100014913128,0.5809616344310037,0.982285883912098,0.5272544586787239,0.20457244603269045,1.1299630533884837,0.6661250061034494,0.9644929640828642,0.9654879961648418,0.041412293571253055,6,calce,full,10,xgboost
0.7818431323103809,0.07635253443034543,0.07380107053543321,0.3730509039301988,0.9671607993827079,0.24001507159005275,0.19649384102911566,1.285073496038327,,,0.9148216696561229,0.08165599329445515,6,calce,full,10,xgboost
0.542570970214876,0.08402685284630673,0.03673840915342934,0.30787769878422394,0.9062967698690738,0.06606380306455664,0.37373900709068913,1.3906004357260764,0.3598700207746354,0.899850915731593,0.9654879961648418,0.041412293571253055,6,calce,full,10,xgboost
0.7363894680015417,0.08970067374600435,0.07074866457399206,0.3140370167123072,0.9471658679731065,0.06606380306455664,0.5203187333563718,1.3545413118769194,,,0.9654879961648418,0.041412293571253055,6,calce,full,10,xgboost
0.8441594861669087,0.10907168256383683,0.11022918088724402,0.5586488863588761,0.9838710227810015,0.5486163051608077,0.20102727229481754,1.2350677454059038,0.6704062688886969,0.9638972717042111,0.9665744582361956,0.0361643758856017,6,calce,full,20,xgboost
0.7817494506141865,0.0712789433080802,0.04673580875148934,0.33805458494376656,0.9709732341392812,0.49339316878583894,0.2090316148027466,1.2946955333040584,,,0.9221453860172311,0.07447641972595963,6,calce,full,20,xgboost
0.49935900605262395,0.07941313738850869,0.03969279772060483,0.29895601319545856,0.9067053121390702,0.0694340563450511,0.1597535877310441,2.0037472385994333,0.31227876262515003,0.8767609780722099,0.9665744582361956,0.0361643758856017,6,calce,full,20,xgboost
0.7204514238446241,0.08804809693102442,0.07205488580772734,0.3094137963369728,0.9485762148380941,0.0694340563450511,0.4779403360066823,1.4864770968753411,,,0.9665744582361956,0.0361643758856017,6,calce,full,20,xgboost
0.8368972493812754,0.10810453642800966,0.10889908687431683,0.5570924253804276,0.9846216371238287,0.5817956656346749,0.18843904506088427,1.3154659149011836,0.6659675970144138,0.9554746294768056,0.9673905299950288,0.03958637453620869,5,calce,full,30,xgboost
0.769327448784665,0.06732149997628735,0.0704770982310887,0.3414893655831794,0.970431165505184,0.3784520123839009,0.18894332793590177,1.441528303256631,,,0.929830488744192,0.07756119037558576,5,calce,full,30,xgboost
0.4281606707632661,0.07389056955526015,0.027428330409215867,0.28715537669662,0.9045925594459325,0.06278637770897832,-0.1601780218970915,2.9446777013852508,0.27741311440860883,0.824699212011668,0.9673905299950288,0.03958637453620869,5,calce,full,30,xgboost
0.6867400980548994,0.08604406457532038,0.06378524760705037,0.3034707484165046,0.9458682279910531,0.06278637770897832,0.4139199896666444,1.6215004318696242,,,0.9673905299950288,0.03958637453620869,5,calce,full,30,xgboost
0.8006975546129143,0.09874076302816268,0.09812235067157865,0.5330814510676392,0.9835350492640854,0.5149847094801223,0.16379620009071946,1.569369866048182,0.6110125303206725,0.9421422929841772,0.9433684244945585,0.07079477774072025,5,calce,full,50,xgboost
0.7384952813126829,0.0616252220370232,0.053968633046302825,0.2859502962415762,0.9743990984707503,0.5155963302752293,0.19812605908750944,1.6294313352397287,,,0.9205546720840994,0.06778460053882786,5,calce,full,50,xgboost
0.36017351177753665,0.06345638877350952,0.017163968891309313,0.2596661807827882,0.9058826081680732,0.05896024464831804,-1.5189260038531536,7.109605545428258,0.23781272355554578,0.7694428061904972,0.9433684244945585,0.07079477774072025,5,calce,full,50,xgboost
0.6410196968202295,0.0801701653810178,0.057865877639143165,0.28766946330787996,0.9438813989144237,0.05896024464831804,0.31740808028479406,1.9572790088711278,,,0.9433684244945585,0.07079477774072025,5,calce,full,50,xgboost
0.8043414552457506,0.11309682392315483,0.11278690500940866,0.62328572340607,0.973257331111167,0.28183873398643555,0.1885333466252145,1.1907565805113653,0.6237325514125516,0.9638126223129903,0.9626617716861237,0.055056118440279356,6,calce,no_soh,10,xgboost
0.7176785906857834,0.0805825340446682,0.06208820694232647,0.4347066275055088,0.9509988974301719,0.10889223813112284,0.10890658969577915,1.861343257304346,,,0.9175096259521034,0.08643789491642388,6,calce,no_soh,10,xgboost
0.510650622884121,0.08496103990992913,0.03915762270885171,0.3117370708884937,0.9004289453362586,0.054132127606129114,0.30465749205011355,1.5621016084697612,0.34808475551020984,0.860775598026656,0.9626617716861237,0.055056118440279356,6,calce,no_soh,10,xgboost
0.7034781945759869,0.09293336250879497,0.06679187044460193,0.3295307583903155,0.9383853419619923,0.054132127606129114,0.4524019156342258,1.4647095825893413,,,0.9626617716861237,0.055056118440279356,6,calce,no_soh,10,xgboost
0.7897930830862105,0.11164463264831954,0.1128457504315003,0.6080448845023624,0.9719524003364916,0.30254300673148843,0.1794445695032025,1.3219827893818017,0.5920466294751879,0.9627514213913149,0.9479665785694306,0.10442929380955439,6,calce,no_soh,20,xgboost
0.7457083561696194,0.07326564518710779,0.06824678279298502,0.38857668028573245,0.9623635053516937,0.35527299925205685,0.1579864156055591,1.5709876613150946,,,0.9191064292725679,0.0900138706175905,6,calce,no_soh,20,xgboost
0.4715597507697713,0.07964239983412631,0.03915635181676419,0.3013547124782855,0.8919496832274758,0.02343555223136375,0.07461839842887036,2.226798680388851,0.28018808915443033,0.8544477481412672,0.9479665785694306,0.10442929380955439,6,calce,no_soh,20,xgboost
0.6853359660371391,0.0912080778887447,0.06933679510968373,0.32708241560838525,0.9306507167071281,0.027175268012964347,0.3935097187428067,1.6283343478932797,,,0.9479665785694306,0.10442929380955439,6,calce,no_soh,20,xgboost
0.7717947246087685,0.10956051665012834,0.11116701824381066,0.5896932452946717,0.9663786720145424,0.2925077399380805,0.17234049362268714,1.4090177076850567,0.5872681889299575,0.9566505008180792,0.9560396133329526,0.07005279766703776,5,calce,no_soh,30,xgboost
0.6839552259873714,0.0683583732251525,0.05164695802565835,0.38742763142454006,0.9444261685818592,0.034055727554179564,0.022440987433936403,2.4197364657760394,,,0.9299911157739882,0.09282841307139611,5,calce,no_soh,30,xgboost
0.42064610838736394,0.0740670563809826,0.026421901890861178,0.2885517186398813,0.8994007306698508,0.058328173374613004,-0.2570082076249425,3.209148011524395,0.26520941444306806,0.8109477810069428,0.9560396133329526,0.07005279766703776,5,calce,no_soh,30,xgboost
0.6727266225639191,0.0886578409263466,0.07077797307053182,0.3184914185471626,0.9391384632845317,0.057832817337461304,0.347511114563507,1.764031780505531,,,0.9560396133329526,0.07005279766703776,5,calce,no_soh,30,xgboost
0.7591370447096994,0.09896748772265408,0.09843093326034699,0.5452554613433682,0.9726173894587461,0.4091743119266055,0.15637875151074376,1.6148897569659904,0.5652182573803591,0.9487380830509503,0.9320376161352183,0.114272823434723,5,calce,no_soh,50,xgboost
0.7030187541788607,0.06097807907539417,0.029864875443023402,0.27130386340238705,0.9650568779073097,0.2233639143730887,0.2027804800561962,1.9131456714960633,,,0.9048371282439245,0.09849630246326,5,calce,no_soh,50,xgboost
0.3587241458682714,0.06363573497309903,0.019041258745447202,0.2604482406616237,0.9008336157701342,0.02495412844036697,-1.5403571994284124,7.179672578669106,0.22486031691729452,0.7730813151162345,0.9320376161352183,0.114272823434723,5,calce,no_soh,50,xgboost
0.6449387831157586,0.08128386218809115,0.06803934647595887,0.2939778661778123,0.9399886467570756,0.03437308868501529,0.2872531571825899,2.025954286838224,,,0.9320376161352183,0.114272823434723,5,calce,no_soh,50,xgboost
0.7331566184512621,0.10046620358168837,0.09079981984272656,0.4473985059411398,0.9537942566190274,0.348279326802311,0.23474503967880475,1.1751781279240594,0.5194235798941046,0.9078612465563445,0.8243926163263678,0.13534935779635893,6,calce,no_cycle,10,xgboost
0.6135286417226312,0.0833512852291732,0.05019698057799674,0.3674655943504623,0.9345042708362808,0.11956794775182115,0.06722808140419262,2.121773446420073,,,0.8365300047875645,0.08320975644767357,6,calce,no_cycle,10,xgboost
0.4497529770951578,0.08572270504303878,0.025917049565077416,0.3212660213547925,0.8742081633747988,0.06242150213514192,-0.8721960301528124,4.478079827250091,0.2518910897375819,0.8932496476233175,0.8243926163263678,0.13534935779635893,6,calce,no_cycle,10,xgboost
0.6634574377449827,0.09148506957592109,0.04704098893468991,0.31911523810008585,0.9295473834846937,0.07874905802562171,0.4422504535967253,1.406677717285877,,,0.8243926163263678,0.13534935779635893,6,calce,no_cycle,10,xgboost
0.6971404411426945,0.0978102192703873,0.09486875218655674,0.4554262836471737,0.9472383909058619,0.32909498878085264,0.1955668881284404,1.4039217629762737,0.4557956323801394,0.8963463206824254,0.7968319739378616,0.15830846076137312,6,calce,no_cycle,20,xgboost
0.5755008817173307,0.07942734195102705,0.04104631888646478,0.3211096258337563,0.9231240126752417,0.057840937422089254,0.03760005569990992,2.32157335366472,,,0.8044472118819533,0.10225562437588029,6,calce,no_cycle,20,xgboost
0.39798377948686126,0.08060841045115047,0.022041401716278983,0.31155293251438715,0.874933455243121,0.06207928197456993,-2.227889236539944,8.163499500185495,0.202572005931058,0.827139012579437,0.7968319739378616,0.15830846076137312,6,calce,no_cycle,20,xgboost
0.599334249940652,0.08957308953134822,0.050918680382175556,0.3233677285244512,0.9183869602790377,0.06232859636000997,0.28657185699614235,1.7775860853075929,,,0.7968319739378616,0.15830846076137312,6,calce,no_cycle,20,xgboost
0.6362920756208419,0.09578168242158498,0.0964118734933756,0.482444283524193,0.9387841092535272,0.12606811145510835,0.13203137178411617,1.7634182063183033,0.36847668150925705,0.8800698266929218,0.7848450682879321,0.19578860348639124,5,calce,no_cycle,30,xgboost
0.4438749564775518,0.0765089440167961,0.042063153069308294,0.33667270320831955,0.9067390396915487,0.02786377708978328,-0.3097778219123082,3.432622826245055,,,0.719798922640264,0.1839484014815736,5,calce,no_cycle,30,xgboost
0.2425423696914376,0.07537077633762805,0.02189975203042358,0.29907817261384445,0.860388503023997,0.056594427244582045,-3.000713091084106,10.468581984653131,0.16059074188112568,0.6134420553960561,0.6071101086812382,0.35413747216012575,5,calce,no_cycle,30,xgboost
0.5230113770032089,0.08849542823841423,0.053463993674005526,0.33325702125088513,0.9065123842149276,0.056594427244582045,0.05653946703307379,2.368957380330603,,,0.7848450682879321,0.19578860348639124,5,calce,no_cycle,30,xgboost
0.6046585117227319,0.0872066382714644,0.0926526337862015,0.45665220524892386,0.9546697064718466,0.1324770642201835,0.09962234487990523,2.066718133136348,0.32219924951927004,0.8617130251315182,0.7236748495631253,0.25430072156871225,5,calce,no_cycle,50,xgboost
0.5497418697181942,0.06433912330936897,0.044505858708627666,0.2942981638781851,0.9509792453171712,0.22813455657492354,0.08571406544782804,2.3476040544500254,,,0.6626747166085398,0.1991633283178739,5,calce,no_cycle,50,xgboost
0.16536077954249012,0.06419536390676453,0.016791672743345906,0.2672115710529168,0.8632505982240928,0.010764525993883792,-3.6479901981993175,13.002154457601165,0.11878420418516668,0.29799120750617936,0.38123258076389804,0.33102081514494097,5,calce,no_cycle,50,xgboost
0.5249219032586894,0.08089592482496637,0.06278377534995527,0.3087714021670462,0.9197296963482442,0.011376146788990826,0.017414196279318894,2.637361633680087,,,0.7236748495631253,0.25430072156871225,5,calce,no_cycle,50,xgboost
0.5543877190976203,0.10243372621005746,0.10155620218196937,0.48384303337910467,0.9411588074232303,0.324290379301683,0.03345999781879894,2.183879135002224,0.3372822996176046,0.7782669262311529,0.7001807457507985,0.18198173157219424,6,calce,no_soh_no_cycle,10,xgboost
0.4282907038002496,0.08619544597342324,0.07554969228286584,0.3387143325311301,0.9168158726045448,0.2886209495101733,0.1357950457232543,1.8738153668834545,,,0.627545015527558,0.16459285602485815,6,calce,no_soh_no_cycle,10,xgboost
0.15936781098023653,0.086302775447,0.06448148660522574,0.3400309820134747,0.829483589631986,0.03378548103491585,-2.6491323399283964,8.948989407733913,0.11538542523763848,0.263211361754265,0.3692537376819714,0.24635471511028034,6,calce,no_soh_no_cycle,10,xgboost
0.4360942264341876,0.11102031013664918,0.11568535635628807,0.40138227931193093,0.8904508768911614,0.05450891735744788,-0.17944811741442937,2.7199492223000807,,,0.7001807457507985,0.18198173157219424,6,calce,no_soh_no_cycle,10,xgboost
0.5500102390718071,0.0996152372690367,0.1063115938492934,0.48170307263671297,0.9450796805812444,0.2773622538020444,0.008645879206899465,2.381666488231069,0.3030030760662118,0.7783687247142986,0.6910743285135125,0.21101457375497995,6,calce,no_soh_no_cycle,20,xgboost
0.4339158208036198,0.07992814924697197,0.034021586941614126,0.3223665863027214,0.9197823127474736,0.23809523809523808,0.10900377222570097,2.0610788023522697,,,0.6539356004882041,0.17916543133627816,6,calce,no_soh_no_cycle,20,xgboost
0.1428235678185973,0.08020860446558191,0.0455753997431807,0.324640007586701,0.8342939695356706,0.032660184492645225,-2.4924711331388574,8.888552191130188,0.0986442921244028,0.24887599530747895,0.34034326946736454,0.24031251160107928,6,calce,no_soh_no_cycle,20,xgboost
0.40564406040912104,0.10525476742005375,0.10492632840582256,0.3845469324028141,0.884169585663521,0.023809523809523808,-0.2677329907781236,3.037570620780602,,,0.6910743285135125,0.21101457375497995,6,calce,no_soh_no_cycle,20,xgboost
0.4614101273208051,0.09498927331125578,0.10641185736773583,0.49031815809263274,0.9218281997495079,0.09956656346749226,-0.0464146972564574,2.7470105701311613,0.21692708158960794,0.7579176199678257,0.660894530391453,0.26446313950401307,5,calce,no_soh_no_cycle,30,xgboost
0.28996254716892356,0.07477550862391139,0.04073907277341888,0.3122872823056449,0.8918423621839221,0.10489164086687307,-0.019910512208871304,2.566155137633227,,,0.5877926985297175,0.1962118524878724,5,calce,no_soh_no_cycle,30,xgboost
0.1356832318593731,0.07428453029107278,0.035093254289977026,0.310349581969896,0.8417494765614564,0.04,-1.8684644984004375,7.518251325567247,0.08937814996472093,0.23688623279329818,0.24983773110903246,0.15515512744614918,5,calce,no_soh_no_cycle,30,xgboost
0.35276266385613597,0.10152932214775615,0.11005788752055132,0.38106394687346196,0.8780243340201519,0.024643962848297212,-0.402338557271466,3.489150814704949,,,0.660894530391453,0.26446313950401307,5,calce,no_soh_no_cycle,30,xgboost
0.479499194370458,0.08731804958050979,0.10417476029046885,0.46178091949213995,0.9471125483854714,0.264954128440367,-0.0634658050023988,3.0435539738449524,0.22728110423365824,0.7446574674041003,0.7127200356308135,0.22848391787556138,5,calce,no_soh_no_cycle,50,xgboost
0.3777039010007344,0.06269753262336297,0.018629010100714397,0.2706770054226445,0.9337798425549287,0.1636697247706422,0.10610037537155799,2.299252821956407,,,0.6557540073796576,0.19779433303962804,5,calce,no_soh_no_cycle,50,xgboost
0.1817756732761172,0.06249591088726306,0.0015188482229796518,0.2650280751370116,0.8756848662056774,0.04061162079510704,-1.98046010438843,8.310777843934119,0.10170528220576219,0.3623367383632415,0.30767144788567,0.2500586485771714,5,calce,no_soh_no_cycle,50,xgboost
0.3862093759933357,0.09270222131748417,0.10297341806828772,0.3502080267805194,0.9238470998262017,0.12428134556574924,-0.38334125320557216,3.7320650931688917,,,0.7127200356308135,0.22848391787556138,5,calce,no_soh_no_cycle,50,xgboost
0.8265796254647969,0.07585121364041096,0.04538155922389562,0.27124287538880804,0.9803377007195061,0.4884451142928912,0.4867639811906357,0.7222410240184313,0.7209197203382142,0.923252911429915,0.8557227963699475,0.09617555011680518,6,calce,soh_only,10,xgboost
0.7530064173175373,0.07899824709023105,0.05825067662483427,0.29967621705324526,0.9692977846124295,0.4883195177091183,0.29765419630698914,1.2156125011694456,,,0.8343364121191407,0.09909470680511057,6,calce,soh_only,10,xgboost
0.6504135564814842,0.07811848338261063,0.03888861471292299,0.28386781340628037,0.9272228107794269,0.06254709871891484,0.7227304127837163,0.6101073177474758,0.4665100830322171,0.9178471980201854,0.8557227963699475,0.09617555011680518,6,calce,soh_only,10,xgboost
0.7808652382865303,0.07744968357893191,0.04458493912028949,0.2679283382409415,0.9616381254903705,0.35167043456417985,0.6711687777107868,0.8726146656531439,,,0.8557227963699475,0.09617555011680518,6,calce,soh_only,10,xgboost
0.822112082069667,0.07219201175101865,0.04180381674612557,0.25840156037088835,0.9815574572888046,0.5223136374968835,0.48732049198615557,0.7722300638610748,0.7192566085383035,0.9177663960777416,0.8475789753222353,0.08724329237617741,6,calce,soh_only,20,xgboost
0.7452819619464195,0.07388654341459648,0.03803317451205371,0.2598033353595971,0.9726033315958474,0.4946397407130391,0.38242938081898903,1.1005311621783647,,,0.82633853594294,0.07586492714853049,6,calce,soh_only,20,xgboost
0.6318615368916913,0.07383347076452873,0.025362105318630992,0.273904856903374,0.930353529113199,0.06332585390177013,0.6640236162937786,0.775113735361479,0.45456270358405937,0.9074188454938223,0.8475789753222353,0.08724329237617741,6,calce,soh_only,20,xgboost
0.778059352252473,0.0736714043116416,0.04028678428905873,0.25583615380842284,0.9649720593803216,0.525180752929444,0.6583672727060571,0.9218130313262558,,,0.8475789753222353,0.08724329237617741,6,calce,soh_only,20,xgboost
0.8117823030668034,0.06969374910743772,0.042971573661695885,0.2556171438313152,0.9819490123836572,0.4848297213622291,0.4571940267241903,0.879509117230688,0.7078385131113362,0.9111695506130352,0.8510287924720654,0.09175066227434855,5,calce,soh_only,30,xgboost
0.7105433483583803,0.06997597251604405,0.041653594776734706,0.25444214543449584,0.9707144904626323,0.4848297213622291,0.3204758148411857,1.2469201222103934,,,0.8287768064034562,0.08153454732221417,5,calce,soh_only,30,xgboost
0.603872792117967,0.06973332557409433,0.023802713934890203,0.2672475178107951,0.928651428699491,0.06414860681114551,0.5211218239041333,1.1587459109675209,0.405559740464418,0.898695840937699,0.8510287924720654,0.09175066227434855,5,calce,soh_only,30,xgboost
0.7665097349130021,0.07134879122367498,0.04649225791470583,0.25233272852083233,0.9656776090804695,0.36,0.6140191001621104,1.061020764131709,,,0.8510287924720654,0.09175066227434855,5,calce,soh_only,30,xgboost
0.7608951804719783,0.06308623967672201,0.04646119601289992,0.27124438259115724,0.9797859580376265,0.47522935779816516,0.3286753230955334,1.3182173690395458,0.6328526570461968,0.8915951407990689,0.8107455612403449,0.11421946399158131,5,calce,soh_only,50,xgboost
0.6674284524240132,0.0606813871733168,0.02046736152195107,0.2596019658232377,0.9693162803949249,0.3504587155963303,0.1996338330798106,1.8722110547749125,,,0.8051900340918179,0.09502650129169611,5,calce,soh_only,50,xgboost
0.5601618931746188,0.06068226294744741,0.011737049460188498,0.2497349404717481,0.9316455695520884,0.037920489296636085,-0.08194007797685476,2.914533095505136,0.37306331615259214,0.8680818814219159,0.8107455612403449,0.11421946399158131,5,calce,soh_only,50,xgboost
0.6404946674996985,0.06710779107718352,0.04966396199518036,0.26781542627270927,0.9468368082108216,0.037920489296636085,0.34434110626474596,1.7713789022048176,,,0.8107455612403449,0.11421946399158131,5,calce,soh_only,50,xgboost
0.8072005287111185,0.05675487224371936,0.03900020652404023,0.24115321169450563,0.9532485873512992,0.0563928661140417,0.48278771197401193,0.4703619291397979,0.6646672125399798,0.9791891755746924,0.9601114554901177,0.06853836746346019,6,calce,cycle_only,10,xgboost
0.8103090848847199,0.056311511978826036,0.03792568831174009,0.343685471524974,0.9564305197769545,0.05551369002763125,0.27553166748096364,1.4209704992119427,,,0.9488953889132349,0.08192842810857065,6,calce,cycle_only,10,xgboost
0.7992877810325375,0.05788474788858711,0.02708657670882468,0.21509232751213575,0.9515252704969995,0.03177593569454911,0.9412077540868099,0.10424530919500634,0.6514082889733667,0.9815188320115038,0.9601114554901177,0.06853836746346019,6,calce,cycle_only,10,xgboost
0.8078532725647865,0.05936313434357054,0.03130866940286496,0.22142925562804483,0.9530172986536696,0.05664405928158754,0.8159221563669086,0.5729911196197763,,,0.9601114554901177,0.06853836746346019,6,calce,cycle_only,10,xgboost
0.794403908940989,0.055399605581800355,0.03962557788711765,0.2359047561812377,0.954240920932603,0.056594365494889054,0.4743140616298198,0.5271628734006512,0.6467865021655221,0.9796475913835928,0.9610632876693105,0.06790971546674544,6,calce,cycle_only,20,xgboost
0.8119869725343911,0.05472797657436623,0.04964876829395837,0.3352890461776785,0.9655303996500441,0.02293692346048367,0.22646958338267054,1.4871671194870146,,,0.9483557400206051,0.08474488036829468,6,calce,cycle_only,20,xgboost
0.7854233312679864,0.056435818451331526,0.027099271161315094,0.2107708926871923,0.9526364539380288,0.02480678135128397,0.937967318938032,0.11139899443075524,0.6303031769149686,0.982044876139442,0.9610632876693105,0.06790971546674544,6,calce,cycle_only,20,xgboost
0.7943981231641116,0.05785607141226146,0.034518242582999195,0.21752648245510633,0.954155523023929,0.056968337073049116,0.7893008406383603,0.6446832572390557,,,0.9610632876693105,0.06790971546674544,6,calce,cycle_only,20,xgboost
0.7893569969981273,0.053457985436404544,0.037814666440188466,0.22952215210268698,0.9576082719465092,0.05362229102167183,0.4648148537737659,0.5800976990247378,0.6480484526347197,0.978216701332667,0.957645800650045,0.07821529711642179,5,calce,cycle_only,30,xgboost
0.7843753940545983,0.05313473710372893,0.04435719755464901,0.33265880944401205,0.9608847980035762,0.21027863777089784,0.18355110535265753,1.7651410344707565,,,0.9181257240166921,0.10536698120100116,5,calce,cycle_only,30,xgboost
0.7740052885655943,0.05436633608804094,0.02433159250515339,0.20517315689763008,0.9539316058773133,0.025386996904024767,0.933229749717705,0.12699992834375218,0.6142790496901989,0.9815305783699945,0.957645800650045,0.07821529711642179,5,calce,cycle_only,30,xgboost
0.7810866967167607,0.05597485891365765,0.033256877844832944,0.21158166618596586,0.9549619464957677,0.05795665634674923,0.7697920668944997,0.7085087071270351,,,0.957645800650045,0.07821529711642179,5,calce,cycle_only,30,xgboost
0.7492782216960968,0.048981683276276285,0.03763063991484761,0.2179705621797007,0.9568122539568192,0.0,0.4430887742689788,0.7158198471166644,0.5918847353383152,0.9767630908126083,0.9547813392108656,0.07916485332745901,5,calce,cycle_only,50,xgboost
0.7550213190402595,0.047974350020017355,0.028369878444935274,0.3187338898026852,0.9620107773902267,0.214434250764526,0.12299018303886469,2.1280581826367135,,,0.9095414118396807,0.11412619046547987,5,calce,cycle_only,50,xgboost
0.7393331360363027,0.04937969883370286,0.02297402515950011,0.19287123056089112,0.955416432459021,0.05944954128440367,0.9105423640119864,0.1939570529840456,0.5728831541706843,0.9789731013827306,0.9547813392108656,0.07916485332745901,5,calce,cycle_only,50,xgboost
0.7480052174103669,0.05176644113816333,0.028547608514435965,0.20083044893860688,0.9563418659636032,0.05932721712538226,0.7161586829351125,0.8733376822134756,,,0.9547813392108656,0.07916485332745901,5,calce,cycle_only,50,xgboost
0.5543877190976203,0.10243372621005746,0.10155620218196937,0.48384303337910467,0.9411588074232303,0.324290379301683,0.03345999781879894,2.183879135002224,0.3372822996176046,0.7782669262311529,0.7001807457507985,0.18198173157219424,6,calce,sensors_only,10,xgboost
0.4282907038002496,0.08619544597342324,0.07554969228286584,0.3387143325311301,0.9168158726045448,0.2886209495101733,0.1357950457232543,1.8738153668834545,,,0.627545015527558,0.16459285602485815,6,calce,sensors_only,10,xgboost
0.15936781098023653,0.086302775447,0.06448148660522574,0.3400309820134747,0.829483589631986,0.03378548103491585,-2.6491323399283964,8.948989407733913,0.11538542523763848,0.263211361754265,0.3692537376819714,0.24635471511028034,6,calce,sensors_only,10,xgboost
0.4360942264341876,0.11102031013664918,0.11568535635628807,0.40138227931193093,0.8904508768911614,0.05450891735744788,-0.17944811741442937,2.7199492223000807,,,0.7001807457507985,0.18198173157219424,6,calce,sensors_only,10,xgboost
0.5500102390718071,0.0996152372690367,0.1063115938492934,0.48170307263671297,0.9450796805812444,0.2773622538020444,0.008645879206899465,2.381666488231069,0.3030030760662118,0.7783687247142986,0.6910743285135125,0.21101457375497995,6,calce,sensors_only,20,xgboost
0.4339158208036198,0.07992814924697197,0.034021586941614126,0.3223665863027214,0.9197823127474736,0.23809523809523808,0.10900377222570097,2.0610788023522697,,,0.6539356004882041,0.17916543133627816,6,calce,sensors_only,20,xgboost
0.1428235678185973,0.08020860446558191,0.0455753997431807,0.324640007586701,0.8342939695356706,0.032660184492645225,-2.4924711331388574,8.888552191130188,0.0986442921244028,0.24887599530747895,0.34034326946736454,0.24031251160107928,6,calce,sensors_only,20,xgboost
0.40564406040912104,0.10525476742005375,0.10492632840582256,0.3845469324028141,0.884169585663521,0.023809523809523808,-0.2677329907781236,3.037570620780602,,,0.6910743285135125,0.21101457375497995,6,calce,sensors_only,20,xgboost
0.4614101273208051,0.09498927331125578,0.10641185736773583,0.49031815809263274,0.9218281997495079,0.09956656346749226,-0.0464146972564574,2.7470105701311613,0.21692708158960794,0.7579176199678257,0.660894530391453,0.26446313950401307,5,calce,sensors_only,30,xgboost
0.28996254716892356,0.07477550862391139,0.04073907277341888,0.3122872823056449,0.8918423621839221,0.10489164086687307,-0.019910512208871304,2.566155137633227,,,0.5877926985297175,0.1962118524878724,5,calce,sensors_only,30,xgboost
0.1356832318593731,0.07428453029107278,0.035093254289977026,0.310349581969896,0.8417494765614564,0.04,-1.8684644984004375,7.518251325567247,0.08937814996472093,0.23688623279329818,0.24983773110903246,0.15515512744614918,5,calce,sensors_only,30,xgboost
0.35276266385613597,0.10152932214775615,0.11005788752055132,0.38106394687346196,0.8780243340201519,0.024643962848297212,-0.402338557271466,3.489150814704949,,,0.660894530391453,0.26446313950401307,5,calce,sensors_only,30,xgboost
0.479499194370458,0.08731804958050979,0.10417476029046885,0.46178091949213995,0.9471125483854714,0.264954128440367,-0.0634658050023988,3.0435539738449524,0.22728110423365824,0.7446574674041003,0.7127200356308135,0.22848391787556138,5,calce,sensors_only,50,xgboost
0.3777039010007344,0.06269753262336297,0.018629010100714397,0.2706770054226445,0.9337798425549287,0.1636697247706422,0.10610037537155799,2.299252821956407,,,0.6557540073796576,0.19779433303962804,5,calce,sensors_only,50,xgboost
0.1817756732761172,0.06249591088726306,0.0015188482229796518,0.2650280751370116,0.8756848662056774,0.04061162079510704,-1.98046010438843,8.310777843934119,0.10170528220576219,0.3623367383632415,0.30767144788567,0.2500586485771714,5,calce,sensors_only,50,xgboost
0.3862093759933357,0.09270222131748417,0.10297341806828772,0.3502080267805194,0.9238470998262017,0.12428134556574924,-0.38334125320557216,3.7320650931688917,,,0.7127200356308135,0.22848391787556138,5,calce,sensors_only,50,xgboost
