AUC,Brier,ECE10,LogLoss,PRAUC,SensAtFPR10,CalSlope,CalIntercept,AUC_lo,AUC_hi,AUC_percell_mean,AUC_percell_std,n_cells_valid,dataset,model,H,method,AUC_fold_mean,AUC_fold_std
0.8459373042106855,0.15877868765365863,0.10813160711356506,0.5215755138706324,0.7739615273916836,0.5735735735735735,0.5148494571636538,-0.3889935420226171,0.6820459049516742,0.9562165715233546,0.9344413635683478,0.11538007174688902,18,nasa,xgboost,10,raw,0.9029816867082701,0.0974043786467665
0.7539762784367101,0.18344830040901727,0.14429565923930374,0.5595157547658579,0.6064897519067952,0.2912912912912913,0.5105966747370385,-0.29998011324918394,,,0.8956265544281418,0.16764488224782248,18,nasa,xgboost,10,iso,0.877243859485975,0.093518042252375
0.8077235508890186,0.1759845304707329,0.12302499657966998,0.5212039656729983,0.6086231054153711,0.2912912912912913,0.9893692494969282,-0.01613061170860012,0.6804446089524083,0.9287944403953406,0.9344413635683478,0.11538007174688902,18,nasa,xgboost,10,platt,0.9029816867082701,0.0974043786467665
0.8237453280618748,0.15795062460189957,0.08583991157398183,0.4822914018488566,0.699549551444583,0.44144144144144143,1.1440053541567865,-0.3774828981901331,,,0.9344413635683478,0.11538007174688902,18,nasa,xgboost,10,temp,0.9029816867082701,0.0974043786467665
0.8068772659565498,0.1915056963812111,0.13383450720658874,0.6542280113542472,0.7565693747319036,0.5166240409207161,0.4094353024939801,-0.3259528519647226,0.6444873027956497,0.9376773473212453,0.942068718689708,0.10489643362213777,11,nasa,xgboost,20,raw,0.8989553798325277,0.12091610305623263
0.717403349299586,0.2111407255341124,0.16136066161667073,0.9547730810991037,0.6264722212517114,0.3452685421994885,0.13188865039933861,-0.460509227644919,,,0.9271099907964881,0.10358701673146807,11,nasa,xgboost,20,iso,0.8691784804215311,0.11866049777133258
0.7368318564884149,0.2037007269641415,0.11441820181074319,0.5915608948196895,0.6422551517981265,0.3069053708439898,0.8403125622891697,-0.15103098808030205,0.5891706477750205,0.9100315629247318,0.942068718689708,0.10489643362213777,11,nasa,xgboost,20,platt,0.8989553798325277,0.12091610305623263
0.778772378516624,0.18959174630105827,0.104431292145729,0.567430156416911,0.6920346277320325,0.3375959079283887,0.8845237640714187,-0.3507017723315791,,,0.942068718689708,0.10489643362213777,11,nasa,xgboost,20,temp,0.8989553798325277,0.12091610305623263
0.8337244280483012,0.17668846523887186,0.1276628752265095,0.6228283598329408,0.8060189802463833,0.5710955710955711,0.44543521674226,-0.27078298901548276,0.6911310180665585,0.9492989611893378,0.9521320239346914,0.06119440066212594,11,nasa,xgboost,30,raw,0.9097654214901485,0.11146635052350506
0.7478781652404356,0.213519937857586,0.181429859297101,0.8059446940210893,0.6801278117614034,0.4405594405594406,0.1916525312533412,-0.30625111806733013,,,0.8801829881456499,0.15752175432174362,11,nasa,xgboost,30,iso,0.8877368872914018,0.11622654316068473
0.7660280732067042,0.19251110469580135,0.10445312686202114,0.5695950121372767,0.7201750420601213,0.36363636363636365,0.9778899838213991,-0.11501993057625397,0.6312105817262663,0.9190194674156408,0.9521320239346914,0.06119440066212594,11,nasa,xgboost,30,platt,0.9097654214901485,0.11146635052350506
0.8003743613092528,0.18226934694334676,0.12049785538810112,0.5545863059842508,0.7374262140145212,0.38927738927738925,0.9571911504303253,-0.24581857956317726,,,0.9521320239346914,0.06119440066212594,11,nasa,xgboost,30,temp,0.9097654214901485,0.11146635052350506
0.8869061150261424,0.13882129274507146,0.0987329453246664,0.4771713507414184,0.8716380081159053,0.6365461847389559,0.634204154494041,-0.3984012867264309,0.7932822170689695,0.963325121565121,0.9633022621117859,0.05088757559429615,7,nasa,xgboost,50,raw,0.9180798198349303,0.11503485624117739
0.8210237175115557,0.1762636086709755,0.1665312774495051,0.5958036899361673,0.7890527908287487,0.5120481927710844,0.5635691528547038,-0.16435274144410922,,,0.9223761630089952,0.11582248139003667,7,nasa,xgboost,50,iso,0.9060671799629374,0.1160017063991607
0.8412101235129196,0.1552803832883814,0.1282766155762012,0.48791242664862666,0.8014037050559776,0.40160642570281124,1.1805076701685384,-0.20240493110107988,0.747711402647217,0.946163465011423,0.9633022621117859,0.05088757559429615,7,nasa,xgboost,50,platt,0.9180798198349303,0.11503485624117739
0.8601007804804122,0.14897374261810573,0.10813586288891962,0.47143981912478083,0.8209808096469036,0.45582329317269077,1.325826455952004,-0.2812246046843364,,,0.9633022621117859,0.05088757559429615,7,nasa,xgboost,50,temp,0.9180798198349303,0.11503485624117739
0.8330697604078898,0.20791909702263747,0.20396543258572922,0.8762611825361231,0.761332187636594,0.5945945945945946,0.26795830994237824,-0.5492090501613753,0.6768225753340019,0.9540945098364071,0.9477318432596211,0.09055923681568952,18,nasa,lightgbm,10,raw,0.9116950311639581,0.06471046777925332
0.7194331021669149,0.18954239119639035,0.061955843581277203,0.5584824093356295,0.5632248105658478,0.2132132132132132,0.5911020901190817,-0.27919366412337066,,,0.8924656958545848,0.16247579809437873,18,nasa,lightgbm,10,iso,0.8516950620848285,0.05498795245116425
0.7678635470002377,0.19352866885175424,0.1198658341389146,0.5624757678885153,0.5348747844570967,0.11411411411411411,0.7696411410600511,-0.23219853892427644,0.6316814480078016,0.91321844892577,0.9477318432596211,0.09055923681568952,18,nasa,lightgbm,10,platt,0.9116950311639581,0.06471046777925332
0.8103765636139737,0.16856054542433063,0.10993109396305348,0.5074572945155752,0.6890689602594119,0.5345345345345346,1.1347453506773189,-0.4906561938470224,,,0.9477318432596211,0.09055923681568952,18,nasa,lightgbm,10,temp,0.9116950311639581,0.06471046777925332
0.7931239385386262,0.24655361233786932,0.23835174031615874,1.087806894218824,0.740136849025381,0.49872122762148335,0.21056072650295876,-0.3583466968820336,0.6539542701286759,0.9275025619566343,0.9632026310352422,0.05178129508167047,11,nasa,lightgbm,20,raw,0.9091700740504244,0.12571427446734854
0.7230403867232511,0.20347995205696812,0.10721340084676187,0.5913216810553997,0.647720781094177,0.2864450127877238,0.5972399039678905,-0.12854284298860436,,,0.9102762828727471,0.14600136548211634,11,nasa,lightgbm,20,iso,0.8857269339125597,0.13175418354194
0.7465380801149891,0.21673096621244287,0.14067526872528385,0.6184510299084449,0.6175395216184831,0.26854219948849106,0.7271924079558042,-0.1965420563326834,0.6274231633837405,0.8925309326033634,0.9632026310352422,0.05178129508167047,11,nasa,lightgbm,20,platt,0.9091700740504244,0.12571427446734854
0.7694636382981286,0.19106844145866608,0.10782536988120218,0.5609744353062023,0.6959557793065971,0.3657289002557545,1.167573139462369,-0.37368986613460276,,,0.9632026310352422,0.05178129508167047,11,nasa,lightgbm,20,temp,0.9091700740504244,0.12571427446734854
0.7871374590907145,0.2347020355920506,0.21325577900226395,1.1941748192576698,0.7585465201321206,0.40559440559440557,0.19667736176337794,-0.2735119731872055,0.649272880417848,0.9156352703362947,0.9726324289423374,0.03552324179501052,11,nasa,lightgbm,30,raw,0.8920132001177642,0.12060885389016543
0.6506959929330547,0.24011685073879596,0.13502596840795889,0.6747177793529354,0.5915344861712594,0.2773892773892774,0.46418085983332785,-0.22324715508319,,,0.8399093838086391,0.15706038410923404,11,nasa,lightgbm,30,iso,0.8043987678539481,0.13960586392961938
0.7212584299395651,0.2220353005554621,0.161328271454536,0.6362460202032278,0.6339188735842556,0.1585081585081585,0.6973806250734484,-0.16769703361147903,0.6145467108781245,0.865262490966352,0.9726324289423374,0.03552324179501052,11,nasa,lightgbm,30,platt,0.8920132001177642,0.12060885389016543
0.7582664969977158,0.20112221431523097,0.09502424094510234,0.5897360858531041,0.6939020897779631,0.30303030303030304,1.0074706501254636,-0.28166885480808507,,,0.9726324289423374,0.03552324179501052,11,nasa,lightgbm,30,temp,0.8920132001177642,0.12060885389016543
0.8384594983708418,0.19306010492747497,0.18667795389604774,1.1438053996926498,0.8006613398367384,0.5281124497991968,0.23419004758820489,-0.45801014754253616,0.7173884791715349,0.9535615223916861,0.9617029795601224,0.05170619961770026,7,nasa,lightgbm,50,raw,0.9010650656510479,0.0734713773608261
0.7878116238539062,0.19607880909327538,0.16958191063748185,0.6036586464041145,0.7597844501913229,0.5240963855421686,0.6607780415294209,-0.13827960589656577,,,0.9304808286951144,0.0694710555609133,7,nasa,lightgbm,50,iso,0.8612425760957725,0.10423571003686645
0.7536902326286274,0.1929607670738288,0.1978993026569325,0.5771670582579331,0.7152318684158809,0.26506024096385544,1.0849895778265564,-0.19344328036661637,0.6071028023341216,0.9182577990732254,0.9617029795601224,0.05170619961770026,7,nasa,lightgbm,50,platt,0.9010650656510479,0.0734713773608261
0.8118132908994468,0.17724574973574828,0.09993338848931364,0.5386063303875902,0.7706759756716329,0.43373493975903615,1.4305964113280223,-0.3468957884449474,,,0.9617029795601224,0.05170619961770026,7,nasa,lightgbm,50,temp,0.9010650656510479,0.0734713773608261
0.7952643290772787,0.16921243930273983,0.06718289848573053,0.5000739774636341,0.6770258346955055,0.46846846846846846,0.8307463006683922,-0.23353270087964195,0.6395153726440531,0.9416083400865245,0.9438182517071405,0.11073186540956323,18,nasa,random_forest,10,raw,0.9114687353960151,0.10599832401795406
0.6310303108864259,0.21749390895807943,0.19367310172355415,0.6178590164783789,0.5042144845036702,0.21621621621621623,0.41444601009322946,-0.477828079566285,,,0.8576568225677956,0.15584949140973353,18,nasa,random_forest,10,iso,0.8000303117253086,0.11574890049899232
0.7195454447253008,0.2033904183322483,0.15273632845454205,0.5865819193417365,0.522115179505372,0.1831831831831832,0.7689521033900825,-0.17604994087787315,0.5746101051131981,0.9144805770408699,0.9438182517071405,0.11073186540956323,18,nasa,random_forest,10,platt,0.9114687353960151,0.10599832401795406
0.8056473739926977,0.17207112771563066,0.09291825154756929,0.5165854905962326,0.641091772290508,0.30930930930930933,1.4998708274739876,-0.2754958948390293,,,0.9438182517071405,0.11073186540956323,18,nasa,random_forest,10,temp,0.9114687353960151,0.10599832401795406
0.800379014482047,0.1766275522516403,0.09770845298644408,0.5136295607702541,0.7433943855565762,0.4833759590792839,0.8449423888620767,-0.193902110984224,0.6610594414890846,0.9299461199849273,0.9581647957085907,0.06264319166970954,11,nasa,random_forest,20,raw,0.9013672908766415,0.10945531378078789
0.6444671514090586,0.22676656796834813,0.1798808665425935,0.6381493319276587,0.5665638825383449,0.31202046035805625,0.4431557378834597,-0.36697763523603794,,,0.852655382335103,0.16927348559819186,11,nasa,random_forest,20,iso,0.8104288094228898,0.07366586976218711
0.7228055101639317,0.20909252772795153,0.17494444244224647,0.598227857512262,0.6292007225353868,0.28388746803069054,0.8463747398418927,-0.11849949838212163,0.5788330922875542,0.9075642806659301,0.9581647957085907,0.06264319166970954,11,nasa,random_forest,20,platt,0.9013672908766415,0.10945531378078789
0.7722660970742812,0.1867522471544621,0.0845971817660107,0.5485102587390563,0.6864952706557186,0.3375959079283887,1.378262364674298,-0.2912721309841978,,,0.9581647957085907,0.06264319166970954,11,nasa,random_forest,20,temp,0.9013672908766415,0.10945531378078789
0.8178238011293104,0.17414442215473858,0.09358572830806935,0.5153250802362421,0.7778413988837974,0.5454545454545454,0.852977570271687,-0.13564093501931543,0.6922547134017403,0.9297657876607359,0.9524269758132743,0.06950575463412093,11,nasa,random_forest,30,raw,0.9120489030169627,0.11266316933193345
0.6824602776188752,0.22837589657653085,0.1356069317529543,0.6432260747345653,0.619647864375881,0.34032634032634035,0.5055949620113627,-0.26537214641252355,,,0.8819058087512271,0.14653276013818933,11,nasa,random_forest,30,iso,0.8361090505819451,0.07649672541315924
0.7306894552303568,0.20848411627276037,0.1032309996737039,0.600233030969986,0.6628197152721489,0.2913752913752914,0.875702517180358,-0.09830943174741318,0.6042901328801273,0.8933735123571387,0.9524269758132743,0.06950575463412093,11,nasa,random_forest,30,platt,0.9120489030169627,0.11266316933193345
0.7870070941857252,0.18871006052039033,0.13454943619072965,0.5553825865443471,0.7311213181254372,0.34498834498834496,1.329810793773628,-0.18129007740917946,,,0.9524269758132743,0.06950575463412093,11,nasa,random_forest,30,temp,0.9120489030169627,0.11266316933193345
0.8484390391755702,0.16055583764746006,0.10229146156040192,0.49374554993125486,0.8204852147160262,0.39959839357429716,0.9355817343409786,-0.10510480929333814,0.7357567005515687,0.9567184035043532,0.9700611998231047,0.03948614657702666,7,nasa,random_forest,50,raw,0.9269236971244178,0.10658837105230887
0.7635068576191558,0.1966556217329144,0.17433410927585588,0.577252216662776,0.7115370464614156,0.2751004016064257,0.7015034933333076,-0.013145783549480995,,,0.8574649556792414,0.1462549480848956,7,nasa,random_forest,50,iso,0.8569818722253555,0.09798259516842223
0.8092824126695461,0.18396785004867808,0.1089313091902558,0.5497398111423859,0.7598618303746608,0.28313253012048195,1.0698520061356818,0.005701142210803169,0.6935649135067162,0.9467960854063273,0.9700611998231047,0.03948614657702666,7,nasa,random_forest,50,platt,0.9269236971244178,0.10658837105230887
0.8287072819580208,0.17698896506302345,0.14567346613111673,0.5331630085424172,0.7938426598403976,0.3032128514056225,1.3529673956488977,-0.04784860536474066,,,0.9700611998231047,0.03948614657702666,7,nasa,random_forest,50,temp,0.9269236971244178,0.10658837105230887
0.8450699349797401,0.11051880540174903,0.10981100014913128,0.5809616344310037,0.982285883912098,0.5272544586787239,0.20457244603269045,1.1299630533884837,0.6661250061034494,0.9644929640828642,0.9654879961648418,0.041412293571253055,6,calce,xgboost,10,raw,0.9654879961648417,0.041412293571253055
0.7818431323103809,0.07635253443034543,0.07380107053543321,0.3730509039301988,0.9671607993827079,0.24001507159005275,0.19649384102911566,1.285073496038327,,,0.9148216696561229,0.08165599329445515,6,calce,xgboost,10,iso,0.9148216696561229,0.08165599329445515
0.542570970214876,0.08402685284630673,0.03673840915342934,0.30787769878422394,0.9062967698690738,0.06606380306455664,0.37373900709068913,1.3906004357260764,0.3598700207746354,0.899850915731593,0.9654879961648418,0.041412293571253055,6,calce,xgboost,10,platt,0.9654879961648417,0.041412293571253055
0.7363894680015417,0.08970067374600435,0.07074866457399206,0.3140370167123072,0.9471658679731065,0.06606380306455664,0.5203187333563718,1.3545413118769194,,,0.9654879961648418,0.041412293571253055,6,calce,xgboost,10,temp,0.9654879961648417,0.041412293571253055
0.8441594861669087,0.10907168256383683,0.11022918088724402,0.5586488863588761,0.9838710227810015,0.5486163051608077,0.20102727229481754,1.2350677454059038,0.6704062688886969,0.9638972717042111,0.9665744582361956,0.0361643758856017,6,calce,xgboost,20,raw,0.9665744582361956,0.0361643758856017
0.7817494506141865,0.0712789433080802,0.04673580875148934,0.33805458494376656,0.9709732341392812,0.49339316878583894,0.2090316148027466,1.2946955333040584,,,0.9221453860172311,0.07447641972595963,6,calce,xgboost,20,iso,0.9221453860172312,0.07447641972595963
0.49935900605262395,0.07941313738850869,0.03969279772060483,0.29895601319545856,0.9067053121390702,0.0694340563450511,0.1597535877310441,2.0037472385994333,0.31227876262515003,0.8767609780722099,0.9665744582361956,0.0361643758856017,6,calce,xgboost,20,platt,0.9665744582361956,0.0361643758856017
0.7204514238446241,0.08804809693102442,0.07205488580772734,0.3094137963369728,0.9485762148380941,0.0694340563450511,0.4779403360066823,1.4864770968753411,,,0.9665744582361956,0.0361643758856017,6,calce,xgboost,20,temp,0.9665744582361956,0.0361643758856017
0.8368972493812754,0.10810453642800966,0.10889908687431683,0.5570924253804276,0.9846216371238287,0.5817956656346749,0.18843904506088427,1.3154659149011836,0.6659675970144138,0.9554746294768056,0.9673905299950288,0.03958637453620869,5,calce,xgboost,30,raw,0.9673905299950288,0.03958637453620868
0.769327448784665,0.06732149997628735,0.0704770982310887,0.3414893655831794,0.970431165505184,0.3784520123839009,0.18894332793590177,1.441528303256631,,,0.929830488744192,0.07756119037558576,5,calce,xgboost,30,iso,0.929830488744192,0.07756119037558576
0.4281606707632661,0.07389056955526015,0.027428330409215867,0.28715537669662,0.9045925594459325,0.06278637770897832,-0.1601780218970915,2.9446777013852508,0.27741311440860883,0.824699212011668,0.9673905299950288,0.03958637453620869,5,calce,xgboost,30,platt,0.9673905299950288,0.03958637453620868
0.6867400980548994,0.08604406457532038,0.06378524760705037,0.3034707484165046,0.9458682279910531,0.06278637770897832,0.4139199896666444,1.6215004318696242,,,0.9673905299950288,0.03958637453620869,5,calce,xgboost,30,temp,0.9673905299950288,0.03958637453620868
0.8006975546129143,0.09874076302816268,0.09812235067157865,0.5330814510676392,0.9835350492640854,0.5149847094801223,0.16379620009071946,1.569369866048182,0.6110125303206725,0.9421422929841772,0.9433684244945585,0.07079477774072025,5,calce,xgboost,50,raw,0.9433684244945585,0.07079477774072025
0.7384952813126829,0.0616252220370232,0.053968633046302825,0.2859502962415762,0.9743990984707503,0.5155963302752293,0.19812605908750944,1.6294313352397287,,,0.9205546720840994,0.06778460053882786,5,calce,xgboost,50,iso,0.9205546720840994,0.06778460053882784
0.36017351177753665,0.06345638877350952,0.017163968891309313,0.2596661807827882,0.9058826081680732,0.05896024464831804,-1.5189260038531536,7.109605545428258,0.23781272355554578,0.7694428061904972,0.9433684244945585,0.07079477774072025,5,calce,xgboost,50,platt,0.9433684244945585,0.07079477774072025
0.6410196968202295,0.0801701653810178,0.057865877639143165,0.28766946330787996,0.9438813989144237,0.05896024464831804,0.31740808028479406,1.9572790088711278,,,0.9433684244945585,0.07079477774072025,5,calce,xgboost,50,temp,0.9433684244945585,0.07079477774072025
0.8732545577224631,0.113075322929906,0.11388747452329318,0.751118455257283,0.9857140922201705,0.6199447375031399,0.16385481840845562,0.963272145614353,0.736057751338062,0.9686473772286011,0.9672153521171188,0.0471390282053934,6,calce,lightgbm,10,raw,0.9672153521171186,0.04713902820539341
0.8189364787539777,0.07023259787731925,0.05432134660641963,0.2334836352600297,0.9784634542172893,0.6283597086159256,0.7893452426153651,0.4328623710326658,,,0.9188133721801602,0.05885631167423841,6,calce,lightgbm,10,iso,0.9188133721801602,0.05885631167423841
0.4677000936028496,0.08313518067607545,0.04065424049826232,0.3080809390695909,0.8940000966458066,0.061667922632504396,0.3640028306424054,1.4080895168193808,0.32788399410786756,0.8318195728681662,0.9672153521171188,0.0471390282053934,6,calce,lightgbm,10,platt,0.9672153521171186,0.04713902820539341
0.7670153234348238,0.08405632741767091,0.08726364657133562,0.29287295546677,0.9529813165658909,0.061667922632504396,0.6811907093139753,1.1762861006421543,,,0.9672153521171188,0.04713902820539339,6,calce,lightgbm,10,temp,0.9672153521171186,0.047139028205393396
0.8648732686939327,0.1132545336407055,0.11412016781762577,0.7832616558163176,0.986209756999225,0.6168037895786587,0.14632080502282083,1.114287765166683,0.716806122502661,0.9663399031379303,0.9677421903879351,0.03808984571498958,6,calce,lightgbm,20,raw,0.9677421903879351,0.03808984571498958
0.8005929369339801,0.06483978007496134,0.044272896038080954,0.22873902804945032,0.9743275643387935,0.28583894290700573,0.8014041382677941,0.49196077909709635,,,0.9130335712460619,0.059840546889058696,6,calce,lightgbm,20,iso,0.9130335712460619,0.059840546889058696
0.4803593037571432,0.0788365811234667,0.034349023695139334,0.2971638041169014,0.9052437354615046,0.06781351283969085,0.13733387851465953,2.0628245260223816,0.3259187024199268,0.81418372874692,0.9677421903879351,0.03808984571498958,6,calce,lightgbm,20,platt,0.9677421903879351,0.03808984571498958
0.7531721836679092,0.08376318146506803,0.0947219711829014,0.2952709016804181,0.9520550432273056,0.06781351283969085,0.6027996090186766,1.362304811486628,,,0.9658184248563706,0.042636541054608054,6,calce,lightgbm,20,temp,0.9658184248563707,0.04263654105460806
0.8587483414418398,0.11215947628007146,0.11204373785149735,0.8484198970591372,0.9870524057169865,0.5939318885448917,0.12476409342662256,1.365638450031107,0.6841413964690886,0.9593356209856203,0.9434167351720617,0.06968589305567716,5,calce,lightgbm,30,raw,0.9434167351720617,0.06968589305567716
0.794217772215269,0.06368684216468053,0.04743371971119712,0.2192072627747316,0.9777541328118147,0.358266253869969,0.7901100267314218,0.53878051180975,,,0.9312336036438028,0.050643375996137954,5,calce,lightgbm,30,iso,0.9312336036438026,0.05064337599613796
0.40108697902453255,0.07345268591125677,0.027065730953864418,0.286184355190781,0.9016692948877253,0.06278637770897832,-0.1616852991824788,2.9500833980816337,0.28250876046296564,0.7849039403890948,0.9434167351720617,0.06968589305567716,5,calce,lightgbm,30,platt,0.9434167351720617,0.06968589305567716
0.7281738451259563,0.08643259123738896,0.07961671765610742,0.30361342021002513,0.9575250883972023,0.06253869969040247,0.47719430730202156,1.6382621490766478,,,0.9434167351720617,0.06968589305567713,5,calce,lightgbm,30,temp,0.9434167351720617,0.06968589305567713
0.8410223274473052,0.10116831824355935,0.1014638372741527,0.7271204815463369,0.9872990899687282,0.5811620795107033,0.12752174243355635,1.4432029258299488,0.6617765315891897,0.9615468716800911,0.9417256929134817,0.0762555805976649,5,calce,lightgbm,50,raw,0.9417256929134818,0.0762555805976649
0.7705952889853454,0.055697256981067145,0.018292593712384463,0.2096425131858528,0.9775876175786644,0.3673394495412844,0.6086663284474072,0.9683658591642936,,,0.9113911733371427,0.08009935859145617,5,calce,lightgbm,50,iso,0.9113911733371426,0.08009935859145617
0.365123913496213,0.06318452449698765,0.018909035131625614,0.2582461987633001,0.9070446828845078,0.04941896024464832,-1.497088691608342,7.042003436265384,0.24160954936432738,0.7822831574152123,0.9417256929134817,0.0762555805976649,5,calce,lightgbm,50,platt,0.9417256929134818,0.0762555805976649
0.6957045148137188,0.07610368656495865,0.08203284335692104,0.2756317613026482,0.9526277136666327,0.04941896024464832,0.44020429373948505,1.8042216863934857,,,0.9379745482248371,0.08416111941879495,5,calce,lightgbm,50,temp,0.9379745482248371,0.08416111941879495
0.85213315453332,0.07908721167695047,0.060841366856589196,0.29049560762086624,0.9826507327440464,0.568701331323788,0.4040133000960845,0.7688638756100903,0.6950061777640897,0.9608251527708007,0.9338969831758975,0.07364391889115746,6,calce,random_forest,10,raw,0.9338969831758975,0.07364391889115746
0.7957316546722744,0.07414224422031161,0.056820874198238266,0.3029049021546525,0.9708677038404714,0.5060286360211003,0.2817180402068961,1.3094248022351649,,,0.9173942479542916,0.07070200907967629,6,calce,random_forest,10,iso,0.9173942479542915,0.07070200907967629
0.6560843807045854,0.07633308583744496,0.03374008986609047,0.2760390175828238,0.9274326762236896,0.059532780708364735,0.8374561835899779,0.24900876323119306,0.49448440002442295,0.9423820142182394,0.9338969831758975,0.07364391889115746,6,calce,random_forest,10,platt,0.9338969831758975,0.07364391889115746
0.8187744738219905,0.07551526161428197,0.04187139762490089,0.2605650201164795,0.975016514850211,0.4763878422506908,0.6970538112471708,0.9135330449022218,,,0.9338969831758975,0.07364391889115746,6,calce,random_forest,10,temp,0.9338969831758975,0.07364391889115746
0.8446120040493424,0.07812882024359077,0.060258779870245124,0.2865168311824132,0.9834758175198217,0.5507354774370481,0.3813026785666734,0.8455845633105332,0.6876388504759908,0.9575728086896229,0.932697197241882,0.06959734073330437,6,calce,random_forest,20,raw,0.9326971972418819,0.06959734073330437
0.7822229200219789,0.06997057413842415,0.05090634796889558,0.280321419577797,0.9720673811495055,0.4389179755671902,0.3259879694869325,1.303198904762651,,,0.9165832714245697,0.06342988769130116,6,calce,random_forest,20,iso,0.9165832714245696,0.06342988769130116
0.6373656516310106,0.07346416272330102,0.02852969179495172,0.27129242616494054,0.929039980625675,0.057965594614809275,0.7230165216201735,0.5481715081995018,0.46364442883410706,0.9322072135038366,0.932697197241882,0.06959734073330437,6,calce,random_forest,20,platt,0.9326971972418819,0.06959734073330437
0.8136428443440175,0.07357814773884346,0.04271890536375183,0.25261510553595556,0.9771413653755605,0.4632261281475941,0.6651826454454149,0.9858753347306356,,,0.932697197241882,0.06959734073330437,6,calce,random_forest,20,temp,0.9326971972418819,0.06959734073330437
0.8291989046458449,0.0789816550295883,0.06505314248810773,0.29351155141431545,0.9831001079097942,0.5341176470588235,0.3511303088587341,0.9801068729704384,0.6488331262975211,0.9543393968055244,0.9167941797979664,0.09795034833135535,5,calce,random_forest,30,raw,0.9167941797979664,0.09795034833135535
0.7224675581318754,0.06707602577840283,0.04420441193365285,0.2831324454404577,0.9619744779241535,0.22823529411764706,0.28299435720403116,1.6402782601806691,,,0.8898288322479212,0.0862206766370667,5,calce,random_forest,30,iso,0.8898288322479212,0.0862206766370667
0.6025838689339118,0.06972118805939541,0.023884999920287343,0.26546704222250533,0.9267737123442703,0.05622291021671827,0.5762208599060638,0.9614239434730825,0.41850911972997107,0.9216553155467218,0.9167941797979664,0.09795034833135535,5,calce,random_forest,30,platt,0.9167941797979664,0.09795034833135535
0.772094629565152,0.07373474567882701,0.048094580941885526,0.2599845123869646,0.9690572824255677,0.3508359133126935,0.5995822465170239,1.1953948690405933,,,0.9167941797979664,0.09795034833135535,5,calce,random_forest,30,temp,0.9167941797979664,0.09795034833135535
0.7916006269661198,0.07270961414540175,0.06317361339523722,0.29796465870940175,0.9815139411343567,0.395474006116208,0.277710462057621,1.2793616355750463,0.5952803676358827,0.9421850805502915,0.9034137631723651,0.10980301177370987,5,calce,random_forest,50,raw,0.9034137631723651,0.10980301177370988
0.7491311257987788,0.05831472807638068,0.03053681782170254,0.25438408124910517,0.9763521321442954,0.3279510703363914,0.239754721985711,1.7112232467818862,,,0.889863162008605,0.11211196309442177,5,calce,random_forest,50,iso,0.889863162008605,0.11211196309442177
0.5384492453388577,0.06081979832173423,0.017619355252969045,0.2432078469541737,0.9280653471128939,0.04048929663608563,0.29328801814443645,1.8484201940776641,0.3489923416819829,0.9157560490846804,0.9034137631723651,0.10980301177370987,5,calce,random_forest,50,platt,0.9034137631723651,0.10980301177370988
0.7454559205550624,0.06866298775147828,0.06328442578935717,0.25236255118172507,0.9736884578887356,0.20330275229357797,0.4757428715485266,1.513049820427293,,,0.9034137631723651,0.10980301177370987,5,calce,random_forest,50,temp,0.9034137631723651,0.10980301177370988
