dataset,model,H,method,eval,AUC_raw,AUC_cal,Brier_cal,AUC_cal_std,Brier_cal_std,seed
nasa,xgboost,10,iso,within,0.90298168670827,0.8380254761723421,0.1903291866183281,,,
nasa,xgboost,10,platt,within,0.90298168670827,0.90298168670827,0.1920143689960241,,,
nasa,xgboost,20,iso,within,0.8989553798325277,0.8027376936346275,0.2465153306722641,,,
nasa,xgboost,20,platt,within,0.8989553798325277,0.8989553798325277,0.2338329389691353,,,
nasa,xgboost,30,iso,within,0.9097654214901484,0.8456957659534503,0.2064173400402069,,,
nasa,xgboost,30,platt,within,0.9097654214901484,0.9097654214901484,0.2008837349712848,,,
nasa,xgboost,50,iso,within,0.9180798198349304,0.8564308536192845,0.16295808814466,,,
nasa,xgboost,50,platt,within,0.9180798198349304,0.9180689973241076,0.1597592756152153,,,
nasa,lightgbm,10,iso,within,0.911695031163958,0.8300712394531036,0.2177294951939662,,,
nasa,lightgbm,10,platt,within,0.911695031163958,0.911695031163958,0.242117214223886,,,
nasa,lightgbm,20,iso,within,0.9091700740504244,0.8511837580612603,0.2565924493179409,,,
nasa,lightgbm,20,platt,within,0.9091700740504244,0.9091700740504244,0.288724505185739,,,
nasa,lightgbm,30,iso,within,0.8920132001177642,0.8198260794307863,0.2423339960591219,,,
nasa,lightgbm,30,platt,within,0.8920132001177642,0.8920132001177642,0.2653141559085132,,,
nasa,lightgbm,50,iso,within,0.901065065651048,0.8591716179061162,0.1960090443511169,,,
nasa,lightgbm,50,platt,within,0.901065065651048,0.901065065651048,0.202727744047637,,,
nasa,random_forest,10,iso,within,0.9114687353960153,0.844467773224603,0.2002737471300411,,,
nasa,random_forest,10,platt,within,0.9114687353960153,0.9114687353960153,0.202151489280779,,,
nasa,random_forest,20,iso,within,0.9013672908766416,0.7886331890580501,0.2577808271101636,,,
nasa,random_forest,20,platt,within,0.9013672908766416,0.9013672908766416,0.2448551504418076,,,
nasa,random_forest,30,iso,within,0.9120489030169628,0.8312918297098534,0.2170522091397941,,,
nasa,random_forest,30,platt,within,0.9120489030169628,0.9120489030169628,0.2101007006128549,,,
nasa,random_forest,50,iso,within,0.9269236971244178,0.835425485253238,0.1891158579180342,,,
nasa,random_forest,50,platt,within,0.9269236971244178,0.9269236971244178,0.1786962242113294,,,
calce,xgboost,10,iso,within,0.9159112823895746,0.7160000632735402,0.1070519305765628,,,
calce,xgboost,10,platt,within,0.9159112823895746,0.9160612802622788,0.107324806600809,,,
calce,xgboost,20,iso,within,0.9243978827327938,0.7490971632202148,0.1017134565860033,,,
calce,xgboost,20,platt,within,0.9243978827327938,0.9262002885874558,0.1025281865149736,,,
calce,xgboost,30,iso,within,0.9129923204347968,0.686527579060907,0.1016848787665367,,,
calce,xgboost,30,platt,within,0.9129923204347968,0.9109877281720428,0.1019393257796764,,,
calce,xgboost,50,iso,within,0.9004866795652866,0.6636911699324405,0.0935173992067575,,,
calce,xgboost,50,platt,within,0.9004866795652866,0.8994383910016456,0.0937139764428138,,,
calce,lightgbm,10,iso,within,0.9075336065149316,0.7043386456452332,0.1036280612993469,,,
calce,lightgbm,10,platt,within,0.9075336065149316,0.9075336065149316,0.1039637601194887,,,
calce,lightgbm,20,iso,within,0.9237210469939408,0.6933400672787235,0.1038398194611596,,,
calce,lightgbm,20,platt,within,0.9237210469939408,0.9237210469939408,0.1060430827702186,,,
calce,lightgbm,30,iso,within,0.8863384930458403,0.6765149561079391,0.0988132562763128,,,
calce,lightgbm,30,platt,within,0.8863384930458403,0.8864057808305195,0.0996357300817969,,,
calce,lightgbm,50,iso,within,0.9164747773868832,0.6527099007509543,0.0923598120707808,,,
calce,lightgbm,50,platt,within,0.9164747773868832,0.9164747773868832,0.0927790964919746,,,
calce,random_forest,10,iso,within,0.8954023385473322,0.7323769541216333,0.0981453254936053,,,
calce,random_forest,10,platt,within,0.8954023385473322,0.8954023385473322,0.0970923036186166,,,
calce,random_forest,20,iso,within,0.88925095701273,0.7004144282307362,0.0975025804375588,,,
calce,random_forest,20,platt,within,0.88925095701273,0.88925095701273,0.0964739578791137,,,
calce,random_forest,30,iso,within,0.8844107187237515,0.6683168220301652,0.0968192562760711,,,
calce,random_forest,30,platt,within,0.8844107187237515,0.8844107187237515,0.0962282091417208,,,
calce,random_forest,50,iso,within,0.864189520498288,0.657624283793661,0.0899613944204506,,,
calce,random_forest,50,platt,within,0.864189520498288,0.864189520498288,0.0883539787983321,,,
oxford,xgboost,10,iso,train_nasa_with_soh,0.9763443772381212,0.9745899912732088,0.2336301267147064,0.0209066310542843,0.0612294208926352,
oxford,xgboost,10,platt,train_nasa_with_soh,0.9763443772381212,0.9763443772381212,0.2193386316299438,0.0196128305493774,0.0630845278633179,
oxford,xgboost,20,iso,train_nasa_with_soh,0.9591210014745268,0.7730566338659687,0.3605407327413559,0.024389577780489,0.079510791346726,
oxford,xgboost,20,platt,train_nasa_with_soh,0.9591210014745268,0.9591210014745268,0.3423523962497711,0.0334032108236019,0.0753835486111815,
oxford,xgboost,30,iso,train_nasa_with_soh,0.9429306470865556,0.8248483845405395,0.3401340454816818,0.0259197108657078,0.0736591815271538,
oxford,xgboost,30,platt,train_nasa_with_soh,0.9429306470865556,0.9429306470865556,0.3497772514820099,0.0431396491286394,0.0739691100207074,
oxford,xgboost,50,iso,train_nasa_with_soh,0.946704231992216,0.6966725848354448,0.501566481590271,0.0102947967596211,0.0931200660653075,
oxford,xgboost,50,platt,train_nasa_with_soh,0.946704231992216,0.946704231992216,0.4934957981109619,0.0421794200405111,0.0906544343100222,
oxford,lightgbm,10,iso,train_nasa_with_soh,0.9900589810718908,0.6687240327806366,0.6720761031853822,0.0098723762353478,0.119592203384715,
oxford,lightgbm,10,platt,train_nasa_with_soh,0.9900589810718908,0.9900589810718908,0.7033779105112866,0.0091563780433558,0.123598812930318,
oxford,lightgbm,20,iso,train_nasa_with_soh,1.0,0.9685436790948212,0.3649415878021469,0.0261092365491716,0.0730816250075747,
oxford,lightgbm,20,platt,train_nasa_with_soh,1.0,1.0,0.4193608164974266,0.0,0.083571590139472,
oxford,lightgbm,30,iso,train_nasa_with_soh,1.0,0.9900589810718904,0.3921942077152696,0.0091563780433558,0.0719245772724215,
oxford,lightgbm,30,platt,train_nasa_with_soh,1.0,1.0,0.4895358737999718,0.0,0.0853852353655022,
oxford,lightgbm,50,iso,train_nasa_with_soh,0.9977044167700102,0.5414334005396567,0.7261348428002032,0.0042009983243766,0.1268281260321339,
oxford,lightgbm,50,platt,train_nasa_with_soh,0.9977044167700102,0.9977044167700102,0.7256320916771454,0.0028283757277255,0.1267281422090188,
oxford,random_forest,10,iso,train_nasa_with_soh,1.0,0.9805038969636783,0.5131939720040998,0.0160862970020797,0.0912777061147593,
oxford,random_forest,10,platt,train_nasa_with_soh,1.0,1.0,0.5116327161128824,4.965068306494546e-17,0.0920467994311834,
oxford,random_forest,20,iso,train_nasa_with_soh,1.0,0.7823314575747545,0.4879114628484858,0.0337894958150773,0.0881561812679121,
oxford,random_forest,20,platt,train_nasa_with_soh,1.0,1.0,0.521757488196546,0.0,0.093232690098013,
oxford,random_forest,30,iso,train_nasa_with_soh,0.9822582829285906,0.9591210014745268,0.2536067574819413,0.0334032108236019,0.0566153632076017,
oxford,random_forest,30,platt,train_nasa_with_soh,0.9822582829285906,0.9822582829285906,0.229926849943572,0.014709622912033,0.0559270947247106,
oxford,random_forest,50,iso,train_nasa_with_soh,1.0,0.689257821512042,0.5116431969900199,0.0172989187592266,0.092121349405085,
oxford,random_forest,50,platt,train_nasa_with_soh,1.0,1.0,0.4349971944462018,0.0,0.0771456358433648,
oxford,xgboost,10,iso,train_calce_with_soh,0.8097761933647576,0.5103583501349143,0.7755327820777893,0.0010502495810941,0.1381192809874737,
oxford,xgboost,10,platt,train_calce_with_soh,0.8097761933647576,0.6759372956178475,0.7753489851951599,0.0578296131528374,0.1380706012894554,
oxford,xgboost,20,iso,train_calce_with_soh,0.7627492810446868,0.5103583501349143,0.7776738286018372,0.0010502495810941,0.1375748929059464,
oxford,xgboost,20,platt,train_calce_with_soh,0.7627492810446868,0.5724447292285061,0.7763856053352356,0.1711371750313791,0.1377867767363368,
oxford,xgboost,30,iso,train_calce_with_soh,0.7716337686019388,0.5063817419477796,0.7820099711418151,0.0052527233715394,0.1346196154424576,
oxford,xgboost,30,platt,train_calce_with_soh,0.7716337686019388,0.6196630154574543,0.7808162689208984,0.1725697474896743,0.1344343507005824,
oxford,xgboost,50,iso,train_calce_with_soh,0.7248415454995708,0.5103583501349143,0.7769657254219056,0.0010502495810941,0.1377032663127049,
oxford,xgboost,50,platt,train_calce_with_soh,0.7248415454995708,0.6212411311749627,0.7774881243705749,0.0748027315900703,0.1375303529335711,
oxford,lightgbm,10,iso,train_calce_with_soh,0.7084009682658091,0.5188299078169981,0.7652355288138387,0.005062465012497,0.1358373339441298,
oxford,lightgbm,10,platt,train_calce_with_soh,0.7084009682658091,0.7084009682658091,0.7675929143784306,0.2969986795793787,0.1375168260279058,
oxford,lightgbm,20,iso,train_calce_with_soh,0.8372792225515792,0.5126310774076415,0.7743014549536147,0.0051316336643616,0.1368187373333328,
oxford,lightgbm,20,platt,train_calce_with_soh,0.8372792225515792,0.8372792225515792,0.7753222299717407,0.1728204238201983,0.1380132798554826,
oxford,lightgbm,30,iso,train_calce_with_soh,0.6604351013249774,0.5,0.7920713235965475,0.0,0.1419317877791365,
oxford,lightgbm,30,platt,train_calce_with_soh,0.6604351013249774,0.6604351013249774,0.7918984407660845,0.301606406145844,0.1418969437314327,
oxford,lightgbm,50,iso,train_calce_with_soh,0.5801780179436584,0.5022727272727272,0.7891758871308165,0.0045454545454545,0.1390816603105718,
oxford,lightgbm,50,platt,train_calce_with_soh,0.5801780179436584,0.5801780179436584,0.790617285311115,0.289154912414401,0.1405797970313776,
oxford,random_forest,10,iso,train_calce_with_soh,0.7270409726280734,0.5165571805442709,0.7669476592760132,0.0053455040904341,0.1371360725213558,
oxford,random_forest,10,platt,train_calce_with_soh,0.7270409726280734,0.7270409726280734,0.767688642536188,0.1374477259921892,0.1366237297024891,
oxford,random_forest,20,iso,train_calce_with_soh,0.7658947187414233,0.5103583501349143,0.7765355225584005,0.0010502495810941,0.1382227115109172,
oxford,random_forest,20,platt,train_calce_with_soh,0.7658947187414233,0.7658947187414233,0.7739564787183484,0.151568161058667,0.1380644672514397,
oxford,random_forest,30,iso,train_calce_with_soh,0.835521188394235,0.5165571805442709,0.7818779657823086,0.0053455040904341,0.1381275585680956,
oxford,random_forest,30,platt,train_calce_with_soh,0.835521188394235,0.835521188394235,0.7822829064030458,0.0668195430543447,0.1377230810780281,
oxford,random_forest,50,iso,train_calce_with_soh,0.8152597115249078,0.5103583501349143,0.7848693357416427,0.0010502495810941,0.1385464278916986,
oxford,random_forest,50,platt,train_calce_with_soh,0.8152597115249078,0.8152597115249078,0.783492398245499,0.0679880029678199,0.1386021401298883,
oxford,xgboost,10,iso,train_nasa+calce_with_soh,0.909236182448538,0.5103583501349143,0.7755327820777893,0.0010502495810941,0.1381192809874737,
oxford,xgboost,10,platt,train_nasa+calce_with_soh,0.909236182448538,0.9127312987714388,0.7751401901245117,0.156577676562887,0.1380484341664672,
oxford,xgboost,20,iso,train_nasa+calce_with_soh,0.8260860182112468,0.5103583501349143,0.7807869672775268,0.0010502495810941,0.1348074714633205,
oxford,xgboost,20,platt,train_nasa+calce_with_soh,0.8260860182112468,0.8145213111017743,0.7790537714958191,0.2284178600887273,0.1358708472863748,
oxford,xgboost,30,iso,train_nasa+calce_with_soh,0.9897505763747336,0.5103583501349143,0.7819705247879029,0.0010502495810941,0.1350153305086448,
oxford,xgboost,30,platt,train_nasa+calce_with_soh,0.9897505763747336,0.992434479114038,0.7836157560348511,0.0071396059668179,0.1358165073988758,
oxford,xgboost,50,iso,train_nasa+calce_with_soh,0.8360935811286515,0.5086039641700019,0.7873018860816956,0.0043567065189179,0.1378019171358472,
oxford,xgboost,50,platt,train_nasa+calce_with_soh,0.8360935811286515,0.8459531549073702,0.7871854424476623,0.2241263552225395,0.1378275962662857,
oxford,lightgbm,10,iso,train_nasa+calce_with_soh,0.9962264150943396,0.5103583501349143,0.7755327708217866,0.0010502495810941,0.1381192851613892,
oxford,lightgbm,10,platt,train_nasa+calce_with_soh,0.9962264150943396,0.9962264150943396,0.7752394718597337,0.0075471698113207,0.1380430411031017,
oxford,lightgbm,20,iso,train_nasa+calce_with_soh,0.9686839048510508,0.5103583501349143,0.7755327708217866,0.0010502495810941,0.1381192851613892,
oxford,lightgbm,20,platt,train_nasa+calce_with_soh,0.9686839048510508,0.9686839048510508,0.7754470527560156,0.0135302682731116,0.1381030464646086,
oxford,lightgbm,30,iso,train_nasa+calce_with_soh,0.6173779736874914,0.5022727272727272,0.7879862172135689,0.0045454545454545,0.1379640031855072,
oxford,lightgbm,30,platt,train_nasa+calce_with_soh,0.6173779736874914,0.6173779736874914,0.7876224327359793,0.2660367787849264,0.1378328619141783,
oxford,lightgbm,50,iso,train_nasa+calce_with_soh,0.699999856250418,0.5022727272727272,0.7893479193412284,0.0045454545454545,0.1392459013731892,
oxford,lightgbm,50,platt,train_nasa+calce_with_soh,0.699999856250418,0.699999856250418,0.7906835938857147,0.3208079724529654,0.1407612894790496,
oxford,random_forest,10,iso,train_nasa+calce_with_soh,0.9781190486372108,0.5701033171837541,0.7474955721108245,0.0077939685412281,0.1320282548853326,
oxford,random_forest,10,platt,train_nasa+calce_with_soh,0.9781190486372108,0.9781190486372108,0.7203470134702898,0.0206694671750429,0.1279301443940353,
oxford,random_forest,20,iso,train_nasa+calce_with_soh,0.9924848864962804,0.5715727784297794,0.7591090826326473,0.0094195359107174,0.1338771036519064,
oxford,random_forest,20,platt,train_nasa+calce_with_soh,0.9924848864962804,0.9924848864962804,0.7370353125579303,0.0116922009738806,0.1309827972894059,
oxford,random_forest,30,iso,train_nasa+calce_with_soh,0.9722495323801968,0.594278284332902,0.7596686665148121,0.0141950237299872,0.1344986899846478,
oxford,random_forest,30,platt,train_nasa+calce_with_soh,0.9722495323801968,0.9722495323801968,0.7426637343181502,0.0226788171450643,0.1317088546712003,
oxford,random_forest,50,iso,train_nasa+calce_with_soh,0.9351411982153632,0.648424663717613,0.7443674884309452,0.0151227764154319,0.1320571413756615,
oxford,random_forest,50,platt,train_nasa+calce_with_soh,0.9351411982153632,0.9351411982153632,0.7260639591535287,0.0533874474016543,0.1286820820071667,
oxford,xgboost,10,iso,train_nasa_no_soh,0.5018867924528302,0.5,0.2079286780208349,0.0,0.1419317886950551,
oxford,xgboost,10,platt,train_nasa_no_soh,0.5018867924528302,0.5018867924528302,0.2064175721257925,0.0037735849056603,0.1408910885542231,
oxford,xgboost,20,iso,train_nasa_no_soh,0.5188299078169981,0.508471557682084,0.2067531757056713,0.0043394957470775,0.1411344645002821,
oxford,xgboost,20,platt,train_nasa_no_soh,0.5188299078169981,0.5188299078169981,0.2056520201265811,0.005062465012497,0.1403581809568162,
oxford,xgboost,30,iso,train_nasa_no_soh,0.6578677540047947,0.508471557682084,0.2057208202779293,0.0043394957470775,0.1404064551164829,
oxford,xgboost,30,platt,train_nasa_no_soh,0.6578677540047947,0.6578677540047947,0.2068827871233224,0.1414723660735932,0.1412161392480521,
oxford,xgboost,50,iso,train_nasa_no_soh,0.7624132085502493,0.5121127360998264,0.1842775527387857,0.002801449193586,0.122213254064889,
oxford,xgboost,50,platt,train_nasa_no_soh,0.7624132085502493,0.7624132085502493,0.2025775957852602,0.1660453812543415,0.1383889831549567,
oxford,lightgbm,10,iso,train_nasa_no_soh,0.4419275604677789,0.4419275604677789,0.7490805936523024,0.1768560366020615,0.1320938941234593,
oxford,lightgbm,10,platt,train_nasa_no_soh,0.4419275604677789,0.4419275604677789,0.766597741405259,0.1768560366020615,0.1361413240227092,
oxford,lightgbm,20,iso,train_nasa_no_soh,0.4484354969757155,0.4484354969757155,0.1638923746806926,0.1798840876811092,0.0776606393186343,
oxford,lightgbm,20,platt,train_nasa_no_soh,0.4484354969757155,0.4484354969757155,0.2056267704334359,0.1798840876811092,0.1406046563575397,
oxford,lightgbm,30,iso,train_nasa_no_soh,0.5395466080868265,0.5395466080868265,0.2088263224704038,0.0067706243749003,0.1427658655106823,
oxford,lightgbm,30,platt,train_nasa_no_soh,0.5395466080868265,0.5395466080868265,0.2098887894013806,0.0067706243749002,0.1436181171300461,
oxford,lightgbm,50,iso,train_nasa_no_soh,0.4484354969757155,0.5414334005396567,0.7259171124975038,0.0042009983243766,0.1267777643065525,
oxford,lightgbm,50,platt,train_nasa_no_soh,0.4484354969757155,0.4484354969757155,0.7252907198064069,0.1798840876811092,0.1266671706236216,
oxford,random_forest,10,iso,train_nasa_no_soh,0.5395466080868265,0.5395466080868265,0.5258852822689748,0.0067706243749002,0.0869760481258703,
oxford,random_forest,10,platt,train_nasa_no_soh,0.5395466080868265,0.5395466080868265,0.6262589607719328,0.0067706243749003,0.1081654364345581,
oxford,random_forest,20,iso,train_nasa_no_soh,0.4419275604677789,0.5414334005396567,0.7259171124975038,0.0042009983243766,0.1267777643065525,
oxford,random_forest,20,platt,train_nasa_no_soh,0.4419275604677789,0.4419275604677789,0.7149927603101762,0.1768560366020615,0.124827686307336,
oxford,random_forest,30,iso,train_nasa_no_soh,0.3242714058475308,0.5395466080868265,0.2962397743646794,0.0067706243749003,0.0219614582338981,
oxford,random_forest,30,platt,train_nasa_no_soh,0.3242714058475308,0.3242714058475308,0.4764712846041797,0.1993609177961542,0.0744594475625614,
oxford,random_forest,50,iso,train_nasa_no_soh,0.3410155663601542,0.5395466080868265,0.4741086799660567,0.0067706243749003,0.0748397038755071,
oxford,random_forest,50,platt,train_nasa_no_soh,0.3410155663601542,0.3410155663601542,0.4250783139700768,0.196763615569786,0.0622113219173957,
oxford,xgboost,10,iso,train_calce_no_soh,0.3845137879304502,0.5188299078169981,0.7689414739608764,0.005062465012497,0.1344937763422041,
oxford,xgboost,10,platt,train_calce_no_soh,0.3845137879304502,0.3795806148183193,0.7706336617469788,0.1374048187011234,0.1349480656685694,
oxford,xgboost,20,iso,train_calce_no_soh,0.3596208189216081,0.5126310774076415,0.7757577538490296,0.0051316336643616,0.1375871576031618,
oxford,xgboost,20,platt,train_calce_no_soh,0.3596208189216081,0.3883568923512476,0.7760273098945618,0.2034040857675091,0.137853983634602,
oxford,xgboost,30,iso,train_calce_no_soh,0.3944012622510505,0.5103583501349143,0.7780715584754944,0.0010502495810941,0.1373562013547993,
oxford,xgboost,30,platt,train_calce_no_soh,0.3944012622510505,0.3644083837380759,0.7775526881217957,0.2047531023162117,0.1375273945462569,
oxford,xgboost,50,iso,train_calce_no_soh,0.3524158062997764,0.5086039641700019,0.7787055373191833,0.0043567065189179,0.1367929171114414,
oxford,xgboost,50,platt,train_calce_no_soh,0.3524158062997764,0.3712149641504683,0.7779712557792664,0.2122375789761523,0.1372682932810732,
oxford,lightgbm,10,iso,train_calce_no_soh,0.4076170820358349,0.5188299078169981,0.7615583206111284,0.005062465012497,0.1323988077228886,
oxford,lightgbm,10,platt,train_calce_no_soh,0.4076170820358349,0.4076170820358349,0.761367418730475,0.2266586920961671,0.1324221123837484,
oxford,lightgbm,20,iso,train_calce_no_soh,0.410257281508366,0.5126310774076415,0.7737657860169598,0.0051316336643616,0.1360093798257607,
oxford,lightgbm,20,platt,train_calce_no_soh,0.410257281508366,0.410257281508366,0.7753360192124533,0.1852022274679252,0.1375075134754787,
oxford,lightgbm,30,iso,train_calce_no_soh,0.3573229487458829,0.5022727272727272,0.7913721060671193,0.0045454545454545,0.1412270337585509,
oxford,lightgbm,30,platt,train_calce_no_soh,0.3573229487458829,0.3573229487458829,0.7899840668720864,0.2505735157797694,0.1401760217999276,
oxford,lightgbm,50,iso,train_calce_no_soh,0.4233464698277848,0.5,0.7920713235965475,0.0,0.1419317877791365,
oxford,lightgbm,50,platt,train_calce_no_soh,0.4233464698277848,0.4233464698277848,0.7918553753309754,0.2732800915820809,0.1418199966409166,
oxford,random_forest,10,iso,train_calce_no_soh,0.3792766068522092,0.5165571805442709,0.7701845046879784,0.0053455040904341,0.1373435230954414,
oxford,random_forest,10,platt,train_calce_no_soh,0.3792766068522092,0.3792766068522092,0.7702851484479047,0.1419996445879411,0.1372849637407067,
oxford,random_forest,20,iso,train_calce_no_soh,0.4351600831092808,0.5103583501349143,0.7767975408362067,0.0010502495810941,0.1381742876539761,
oxford,random_forest,20,platt,train_calce_no_soh,0.4351600831092808,0.4351600831092808,0.7758269589403667,0.2177613231154637,0.1378945478852029,
oxford,random_forest,30,iso,train_calce_no_soh,0.5575675237264115,0.5103583501349143,0.7798836099439557,0.0010502495810941,0.1380348734044623,
oxford,random_forest,30,platt,train_calce_no_soh,0.5575675237264115,0.5575675237264115,0.7811424443876287,0.1410895398298967,0.1376493948261394,
oxford,random_forest,50,iso,train_calce_no_soh,0.5645044755067229,0.5040271132376396,0.7869117855723355,0.0049998155787614,0.1382762126173096,
oxford,random_forest,50,platt,train_calce_no_soh,0.5645044755067229,0.5645044755067229,0.7856121486018555,0.130826941215107,0.1388072059821828,
oxford,xgboost,10,iso,train_nasa+calce_no_soh,0.3832211404048021,0.5103583501349143,0.7755327820777893,0.0010502495810941,0.1381192809874737,
oxford,xgboost,10,platt,train_nasa+calce_no_soh,0.3832211404048021,0.3767925689762307,0.7751488804817199,0.177792594971136,0.1380440204141904,
oxford,xgboost,20,iso,train_nasa+calce_no_soh,0.4145944900468499,0.5103583501349143,0.7756677389144897,0.0010502495810941,0.1380771045668374,
oxford,xgboost,20,platt,train_nasa+calce_no_soh,0.4145944900468499,0.4167015069345597,0.7756258845329285,0.2151122409217517,0.1379409370103629,
oxford,xgboost,30,iso,train_nasa+calce_no_soh,0.3442236127316877,0.5103583501349143,0.777487325668335,0.0010502495810941,0.1376083001350594,
oxford,xgboost,30,platt,train_nasa+calce_no_soh,0.3442236127316877,0.3469459509114032,0.7768393993377686,0.1712451947356395,0.1373518703272686,
oxford,xgboost,50,iso,train_nasa+calce_no_soh,0.5096204117316855,0.5103583501349143,0.776702630519867,0.0010502495810941,0.1378112089544701,
oxford,xgboost,50,platt,train_nasa+calce_no_soh,0.5096204117316855,0.5146518643061266,0.7766598343849183,0.2722624976062067,0.1374788069232473,
oxford,lightgbm,10,iso,train_nasa+calce_no_soh,0.4906832281118071,0.5188299078169981,0.7706288189066367,0.005062465012497,0.1356507805480258,
oxford,lightgbm,10,platt,train_nasa+calce_no_soh,0.4906832281118071,0.4906832281118071,0.7719485440338152,0.2077097075969357,0.1362422681930249,
oxford,lightgbm,20,iso,train_nasa+calce_no_soh,0.3161809320780208,0.5103583501349143,0.7755327708217866,0.0010502495810941,0.1381192851613892,
oxford,lightgbm,20,platt,train_nasa+calce_no_soh,0.3161809320780208,0.3161809320780208,0.7750387512540814,0.1873461765783272,0.1379116248270488,
oxford,lightgbm,30,iso,train_nasa+calce_no_soh,0.4495617942572419,0.508136127912692,0.7787069931746682,0.0041845556829475,0.1347458704841812,
oxford,lightgbm,30,platt,train_nasa+calce_no_soh,0.4495617942572419,0.4495617942572419,0.7797445722669482,0.2624766764899278,0.1345577449234162,
oxford,lightgbm,50,iso,train_nasa+calce_no_soh,0.4374655873230065,0.5103583501349143,0.7755327708217866,0.0010502495810941,0.1381192851613892,
oxford,lightgbm,50,platt,train_nasa+calce_no_soh,0.4374655873230065,0.4374655873230065,0.7754124541345607,0.2490193220500186,0.1380938164360455,
oxford,random_forest,10,iso,train_nasa+calce_no_soh,0.5959647745646806,0.5414334005396567,0.7491405188507134,0.0042009983243766,0.1331902951896146,
oxford,random_forest,10,platt,train_nasa+calce_no_soh,0.5959647745646806,0.5959647745646806,0.7337682884464002,0.1674406474996377,0.1302807818533659,
oxford,random_forest,20,iso,train_nasa+calce_no_soh,0.6075368806295478,0.5414334005396567,0.758257428413491,0.0042009983243766,0.1342896277384998,
oxford,random_forest,20,platt,train_nasa+calce_no_soh,0.6075368806295478,0.6075368806295478,0.7450426600621476,0.0923822701935347,0.1323655289874528,
oxford,random_forest,30,iso,train_nasa+calce_no_soh,0.4080386676570756,0.5414334005396567,0.762386612806925,0.0042009983243766,0.1354293589993716,
oxford,random_forest,30,platt,train_nasa+calce_no_soh,0.4080386676570756,0.4080386676570756,0.7491780126067541,0.1584804407240181,0.1328600856661203,
oxford,random_forest,50,iso,train_nasa+calce_no_soh,0.3771375500983508,0.5414334005396567,0.7474540765994944,0.0042009983243766,0.1327004979764011,
oxford,random_forest,50,platt,train_nasa+calce_no_soh,0.3771375500983508,0.3771375500983508,0.7326418525107101,0.1802087710902341,0.1301067214180333,
severson,xgboost,10,iso,train_nasa_with_soh,0.9854141050083493,0.5482425051945397,0.8594452761113643,0.0725292908835065,0.1261121152665757,
severson,xgboost,10,platt,train_nasa_with_soh,0.9854141050083493,0.9854115269375058,0.8577072583138943,0.0610602074723205,0.1298666553530178,
severson,xgboost,20,iso,train_nasa_with_soh,0.9968024653692944,0.5318975911193051,0.8530658923089505,0.0726095987891694,0.1539817197700119,
severson,xgboost,20,platt,train_nasa_with_soh,0.9968024653692944,0.9968024653692944,0.8314541094005108,0.0103584623703241,0.1525656054192362,
severson,xgboost,30,iso,train_nasa_with_soh,0.9976465827029496,0.8010768646070661,0.5259674460627138,0.1522665808593341,0.2057004851080634,
severson,xgboost,30,platt,train_nasa_with_soh,0.9976465827029496,0.9976465827029496,0.6227866495959461,0.0100516958370557,0.1505425157409658,
severson,xgboost,50,iso,train_nasa_with_soh,0.9975021845041482,0.9744114360086054,0.1174266289919614,0.039031015447273,0.059918964717277,
severson,xgboost,50,platt,train_nasa_with_soh,0.9975021845041482,0.9975021845041482,0.1626556042581796,0.009265980772631,0.0662636081968287,
severson,lightgbm,10,iso,train_nasa_with_soh,0.995143107640984,0.5860938979707034,0.8412286579791722,0.068357926515473,0.1301354877635436,
severson,lightgbm,10,platt,train_nasa_with_soh,0.995143107640984,0.995143107640984,0.8466727834549189,0.0236285035127639,0.1336009233245043,
severson,lightgbm,20,iso,train_nasa_with_soh,0.9915831912421876,0.9880846210028652,0.7153365489144987,0.0471127569978152,0.0987599035312318,
severson,lightgbm,20,platt,train_nasa_with_soh,0.9915831912421876,0.9915831912421876,0.8741935577855606,0.0475072293971469,0.1063394508013616,
severson,lightgbm,30,iso,train_nasa_with_soh,0.9967413452423106,0.8859071709441485,0.5107318865029659,0.0796016986952457,0.143863411718449,
severson,lightgbm,30,platt,train_nasa_with_soh,0.9967413452423106,0.9967413452423106,0.577575575115427,0.007743199324696,0.1747313258780983,
severson,lightgbm,50,iso,train_nasa_with_soh,0.9969639193652936,0.8356419383671451,0.3330322817895802,0.0934038481093441,0.1642372717653256,
severson,lightgbm,50,platt,train_nasa_with_soh,0.9969639193652936,0.9969639193652936,0.3518115792482389,0.0082385450629298,0.1603666018483009,
severson,random_forest,10,iso,train_nasa_with_soh,0.999286435124273,0.8634606436195558,0.7153498971685476,0.0646954735884742,0.0832795048794394,
severson,random_forest,10,platt,train_nasa_with_soh,0.999286435124273,0.9992864351242728,0.689047597423294,0.0030302580336474,0.0957216930879248,
severson,random_forest,20,iso,train_nasa_with_soh,0.9987084133888366,0.5233938172805188,0.8957063058537484,0.0193819622348576,0.0831429502262908,
severson,random_forest,20,platt,train_nasa_with_soh,0.9987084133888366,0.9987084133888368,0.8453876024643521,0.0068446700036302,0.0855541306459372,
severson,random_forest,30,iso,train_nasa_with_soh,0.9980966646066168,0.9713349486623868,0.4125721934217825,0.0753968131248651,0.0768084896448356,
severson,random_forest,30,platt,train_nasa_with_soh,0.9980966646066168,0.9980966646066168,0.44206684040632,0.0079203489630713,0.1293433917179269,
severson,random_forest,50,iso,train_nasa_with_soh,0.9982053058958636,0.9394414397646847,0.2533449029363557,0.0581903824090952,0.1267951538687191,
severson,random_forest,50,platt,train_nasa_with_soh,0.9982053058958636,0.9982053058958636,0.3026783261896111,0.0072475589863818,0.0737228545916203,
severson,xgboost,10,iso,train_calce_with_soh,0.9779056190579593,0.6147350795109221,0.719439136236906,0.0295548468221907,0.0868915551434671,
severson,xgboost,10,platt,train_calce_with_soh,0.9779056190579593,0.947389729875608,0.7232370853424073,0.0385882498537485,0.0866281651645411,
severson,xgboost,20,iso,train_calce_with_soh,0.9572397692767104,0.6237399566155846,0.7102510996162892,0.0330019518521821,0.0883917385038642,
severson,xgboost,20,platt,train_calce_with_soh,0.9572397692767104,0.9733526547478686,0.7072871595621109,0.0552682602784314,0.0887675976038342,
severson,xgboost,30,iso,train_calce_with_soh,0.9689301881418888,0.6067553500275553,0.7042448490858078,0.0285528380005749,0.0892852732130976,
severson,xgboost,30,platt,train_calce_with_soh,0.9689301881418888,0.9753918303024988,0.7035038106143474,0.0364041779348256,0.0892910014020198,
severson,xgboost,50,iso,train_calce_with_soh,0.9720893053199632,0.5895977970214803,0.7083204574882984,0.0249841571977631,0.08933810446337,
severson,xgboost,50,platt,train_calce_with_soh,0.9720893053199632,0.9609289207198224,0.7099097207188606,0.0609400543101079,0.0886638115291651,
severson,lightgbm,10,iso,train_calce_with_soh,0.8683607523127943,0.6310980292572014,0.699201552654328,0.0339666599873863,0.089329548816842,
severson,lightgbm,10,platt,train_calce_with_soh,0.8683607523127943,0.8683607523127943,0.7022841032631261,0.069259121493528,0.0888421219229546,
severson,lightgbm,20,iso,train_calce_with_soh,0.9522868218483904,0.6166051481289594,0.705132303146714,0.030768730497465,0.0894541580261984,
severson,lightgbm,20,platt,train_calce_with_soh,0.9522868218483904,0.9522868218483904,0.7090473334132804,0.0365090922168316,0.0889710968708001,
severson,lightgbm,30,iso,train_calce_with_soh,0.9664911643290764,0.5986255894539578,0.71831293643527,0.026505213139287,0.0876691117788576,
severson,lightgbm,30,platt,train_calce_with_soh,0.9664911643290764,0.9664911643290764,0.718892342328966,0.0326503326597796,0.0875949707910353,
severson,lightgbm,50,iso,train_calce_with_soh,0.6571044395198797,0.5867790966012215,0.7122769884156526,0.0238634619590767,0.0885645246850364,
severson,lightgbm,50,platt,train_calce_with_soh,0.6571044395198797,0.6571044395198797,0.7156054169232291,0.148968132421124,0.0880778203403494,
severson,random_forest,10,iso,train_calce_with_soh,0.9988334970218988,0.6293877455305644,0.695583324201866,0.0334918560447673,0.0901450320642562,
severson,random_forest,10,platt,train_calce_with_soh,0.9988334970218988,0.9988334970218988,0.6374973893751477,0.0024014712750014,0.0978537341761832,
severson,random_forest,20,iso,train_calce_with_soh,0.9956935515747958,0.6642121062086737,0.662922894982076,0.0460101261107009,0.0965797487516497,
severson,random_forest,20,platt,train_calce_with_soh,0.9956935515747958,0.9956935515747958,0.6404411576117125,0.0219254495853184,0.0995009428005698,
severson,random_forest,30,iso,train_calce_with_soh,0.9626795224759718,0.6575811556487041,0.6831448811982094,0.0449939413197363,0.0926145720368046,
severson,random_forest,30,platt,train_calce_with_soh,0.9626795224759718,0.9626795224759718,0.6626980963512658,0.0293584511359981,0.0956420313907703,
severson,random_forest,50,iso,train_calce_with_soh,0.984102036186438,0.7627626042303974,0.6149365033098342,0.0735787095692296,0.1030216410744206,
severson,random_forest,50,platt,train_calce_with_soh,0.984102036186438,0.984102036186438,0.6032135339809772,0.0158769696129906,0.1059642499675282,
severson,xgboost,10,iso,train_nasa+calce_with_soh,0.994395082842534,0.6281709017169372,0.7238180562853813,0.0481204292813821,0.0983529910376043,
severson,xgboost,10,platt,train_nasa+calce_with_soh,0.994395082842534,0.9940491950624604,0.7160507023334504,0.0174533229740257,0.098252792877658,
severson,xgboost,20,iso,train_nasa+calce_with_soh,0.9949251280130774,0.629559567983363,0.6906685389578342,0.0494271503925744,0.1080309564000707,
severson,xgboost,20,platt,train_nasa+calce_with_soh,0.9949251280130774,0.99481706710233,0.6911670371890068,0.0161309750153247,0.1037852379000875,
severson,xgboost,30,iso,train_nasa+calce_with_soh,0.9954292033873952,0.7897993260614017,0.585174610465765,0.0768631415760918,0.1134822512774296,
severson,xgboost,30,platt,train_nasa+calce_with_soh,0.9954292033873952,0.9953843855570156,0.588265935331583,0.0150247127671694,0.1141030218610207,
severson,xgboost,50,iso,train_nasa+calce_with_soh,0.9949465337947332,0.760042074310389,0.6815283209085464,0.0812485303490262,0.0963515934640825,
severson,xgboost,50,platt,train_nasa+calce_with_soh,0.9949465337947332,0.9946971932371726,0.6874860502779484,0.0105818056336683,0.0959268166428415,
severson,lightgbm,10,iso,train_nasa+calce_with_soh,0.9884621568980304,0.7898717425337658,0.4896362151494415,0.0747311976519163,0.1350569750952695,
severson,lightgbm,10,platt,train_nasa+calce_with_soh,0.9884621568980304,0.9884621568980304,0.5188990381882707,0.0200703160677545,0.1269225225762885,
severson,lightgbm,20,iso,train_nasa+calce_with_soh,0.9925622092272612,0.5804143166471692,0.7705881810409633,0.022700017231163,0.0837438061482791,
severson,lightgbm,20,platt,train_nasa+calce_with_soh,0.9925622092272612,0.9925622092272612,0.78317772591646,0.0260291835148776,0.0838104177504034,
severson,lightgbm,30,iso,train_nasa+calce_with_soh,0.984906935196872,0.6083696348438282,0.7005177818558794,0.031718513166967,0.0923872226361985,
severson,lightgbm,30,platt,train_nasa+calce_with_soh,0.984906935196872,0.984906935196872,0.6973243927898494,0.0604239076744824,0.0926239679469395,
severson,lightgbm,50,iso,train_nasa+calce_with_soh,0.9878135379016576,0.5900716796878296,0.7048836820853772,0.0258816020302144,0.0900643471404274,
severson,lightgbm,50,platt,train_nasa+calce_with_soh,0.9878135379016576,0.9878135379016576,0.7035551142510182,0.0252151641923156,0.0901132737563367,
severson,random_forest,10,iso,train_nasa+calce_with_soh,0.9988514860350948,0.9001807611318755,0.4458064544978043,0.0496027605803503,0.1227636716260885,
severson,random_forest,10,platt,train_nasa+calce_with_soh,0.9988514860350948,0.9988514860350948,0.4370896450379389,0.0038610930688463,0.1196004414538496,
severson,random_forest,20,iso,train_nasa+calce_with_soh,0.9960020204185196,0.9522157396076696,0.4404605947064978,0.0230449958131874,0.1014074879523618,
severson,random_forest,20,platt,train_nasa+calce_with_soh,0.9960020204185196,0.9960020204185196,0.4759760434991717,0.021111892749116,0.1102040785551224,
severson,random_forest,30,iso,train_nasa+calce_with_soh,0.9997696917534586,0.9909899813386434,0.3453100987731171,0.0086279647204362,0.1281630842159176,
severson,random_forest,30,platt,train_nasa+calce_with_soh,0.9997696917534586,0.9997690604403274,0.3264076614816527,0.0007010796334132,0.1263861020458081,
severson,random_forest,50,iso,train_nasa+calce_with_soh,0.9983785110482472,0.9864983895402482,0.2321233648077997,0.0223373984345918,0.0602813282107913,
severson,random_forest,50,platt,train_nasa+calce_with_soh,0.9983785110482472,0.9983785110482472,0.2505597935844625,0.0078019614164428,0.1017083259196057,
severson,xgboost,10,iso,train_nasa_no_soh,0.6665580822705067,0.5242402177024374,0.897565896064043,0.036756640235418,0.086359935923729,
severson,xgboost,10,platt,train_nasa_no_soh,0.6665580822705067,0.6664595081574233,0.8975149191915989,0.1831582861778747,0.0846297327970599,
severson,xgboost,20,iso,train_nasa_no_soh,0.6764388469934122,0.5158126462471178,0.883643688261509,0.0132720798672102,0.0831924693248226,
severson,xgboost,20,platt,train_nasa_no_soh,0.6764388469934122,0.6764136726395293,0.8890003472566604,0.1812523092927059,0.0824342498525352,
severson,xgboost,30,iso,train_nasa_no_soh,0.7028543956084106,0.5439739339125268,0.8208919152617454,0.0345815227031422,0.0966952968823388,
severson,xgboost,30,platt,train_nasa_no_soh,0.7028543956084106,0.7028543956084106,0.7865549601614475,0.1740009761389334,0.102996735295585,
severson,xgboost,50,iso,train_nasa_no_soh,0.7847600444172842,0.63040034309398,0.3148513041436672,0.1327816058107995,0.2195683297241183,
severson,xgboost,50,platt,train_nasa_no_soh,0.7847600444172842,0.7847600444172842,0.4898645147681236,0.1682732078429892,0.1739639805873447,
severson,lightgbm,10,iso,train_nasa_no_soh,0.8169848199732881,0.522004709136948,0.9090354406108164,0.0108958378248136,0.0818680814203416,
severson,lightgbm,10,platt,train_nasa_no_soh,0.8169848199732881,0.8169848199732881,0.9124802126404524,0.1382634301687488,0.0819471007154524,
severson,lightgbm,20,iso,train_nasa_no_soh,0.5348778334805369,0.4910503349371177,0.9103303007766624,0.0390431138671411,0.0811056650860543,
severson,lightgbm,20,platt,train_nasa_no_soh,0.5348778334805369,0.5348778334805369,0.9106037617769835,0.1810773111805903,0.0809800777872507,
severson,lightgbm,30,iso,train_nasa_no_soh,0.6478085673368419,0.5745122528562076,0.8666765797634269,0.021412803736782,0.0798742617652664,
severson,lightgbm,30,platt,train_nasa_no_soh,0.6478085673368419,0.6478085673368419,0.8880592391489689,0.1246506050880262,0.0799367022389483,
severson,lightgbm,50,iso,train_nasa_no_soh,0.8141714244378868,0.8149781047226206,0.5031274759054412,0.0881482800202873,0.1327292545718174,
severson,lightgbm,50,platt,train_nasa_no_soh,0.8141714244378868,0.8141714244378868,0.5381250153510098,0.0871850896250011,0.1272746210134679,
severson,random_forest,10,iso,train_nasa_no_soh,0.8383489835568199,0.5754183769322221,0.8820112389626391,0.0366586779313293,0.0862960292590637,
severson,random_forest,10,platt,train_nasa_no_soh,0.8383489835568199,0.8383489835568199,0.8691853230445006,0.1308164223216528,0.0840634025467052,
severson,random_forest,20,iso,train_nasa_no_soh,0.836166352094251,0.5002860077854672,0.9107378312073284,0.0012522960361773,0.0812762459821794,
severson,random_forest,20,platt,train_nasa_no_soh,0.836166352094251,0.8361803970380712,0.9070225020566604,0.1737685462326081,0.081702102042945,
severson,random_forest,30,iso,train_nasa_no_soh,0.8581481603296824,0.6188507556416839,0.8270945496868615,0.1026902588597424,0.1036075805069522,
severson,random_forest,30,platt,train_nasa_no_soh,0.8581481603296824,0.8581481603296824,0.8109175010537376,0.1360826201479897,0.0945607252442682,
severson,random_forest,50,iso,train_nasa_no_soh,0.8478756346535263,0.8337921666798291,0.4545423232858027,0.0869958488389494,0.1842053201331043,
severson,random_forest,50,platt,train_nasa_no_soh,0.8478756346535263,0.8478756346535263,0.507625860683818,0.1272994832752433,0.1051917293147794,
severson,xgboost,10,iso,train_calce_no_soh,0.8146063152590142,0.6071844859557525,0.7362111881375313,0.0279098348599853,0.0856164831994435,
severson,xgboost,10,platt,train_calce_no_soh,0.8146063152590142,0.799719581098493,0.7345867812633514,0.0780441678492183,0.0857616013663597,
severson,xgboost,20,iso,train_calce_no_soh,0.8062152585647459,0.6135632746995083,0.720974113047123,0.0299660679627485,0.0872757146826842,
severson,xgboost,20,platt,train_calce_no_soh,0.8062152585647459,0.7970896382763926,0.7163034535944461,0.078393374223976,0.087763623992773,
severson,xgboost,30,iso,train_calce_no_soh,0.8088649932836066,0.6067553500275553,0.7050344780087471,0.0285528380005749,0.0891893257837641,
severson,xgboost,30,platt,train_calce_no_soh,0.8088649932836066,0.7933180976485259,0.7068842284381389,0.0784510014967253,0.0889240881606827,
severson,xgboost,50,iso,train_calce_no_soh,0.7961336671516686,0.5900333127237674,0.7097456932067872,0.0247583417825421,0.0886054661122873,
severson,xgboost,50,platt,train_calce_no_soh,0.7961336671516686,0.7852862800765159,0.7105942711234092,0.0784511311904649,0.0884631328711828,
severson,lightgbm,10,iso,train_calce_no_soh,0.763376712621824,0.6042071391236482,0.735842347769525,0.0271345616694302,0.085654611155732,
severson,lightgbm,10,platt,train_calce_no_soh,0.763376712621824,0.763376712621824,0.735562615682616,0.1302966231706065,0.0856405857923441,
severson,lightgbm,20,iso,train_calce_no_soh,0.8297920576671768,0.606465570030789,0.7257395515021321,0.0280931887150767,0.0867384515127216,
severson,lightgbm,20,platt,train_calce_no_soh,0.8297920576671768,0.8297920576671768,0.7328513128534011,0.0412110895080973,0.0859315118145777,
severson,lightgbm,30,iso,train_calce_no_soh,0.8275773053995998,0.5984636723555121,0.7343215092749776,0.0263351418451904,0.0858128921010364,
severson,lightgbm,30,platt,train_calce_no_soh,0.8275773053995998,0.8275773053995998,0.728635465180723,0.0409747681238782,0.0863855857939633,
severson,lightgbm,50,iso,train_calce_no_soh,0.78203206395397,0.5867790966012215,0.708180838824623,0.0238634619590767,0.088797720278548,
severson,lightgbm,50,platt,train_calce_no_soh,0.78203206395397,0.78203206395397,0.7078312940624999,0.0775562513669995,0.0888193464153227,
severson,random_forest,10,iso,train_calce_no_soh,0.840499429765103,0.621078771172239,0.7283961997267531,0.0315277764159094,0.086446106301127,
severson,random_forest,10,platt,train_calce_no_soh,0.840499429765103,0.840499429765103,0.7221056537704851,0.0418269719607711,0.0871207039151984,
severson,random_forest,20,iso,train_calce_no_soh,0.8703695364259534,0.6216749371780448,0.7049636585826701,0.0321065013886591,0.0891982158083721,
severson,random_forest,20,platt,train_calce_no_soh,0.8703695364259534,0.8703695364259534,0.696823028080116,0.0485493909808738,0.090218962707849,
severson,random_forest,30,iso,train_calce_no_soh,0.8478139172870627,0.6067553500275553,0.7051999572369091,0.0285528380005749,0.0891685622879051,
severson,random_forest,30,platt,train_calce_no_soh,0.8478139172870627,0.8478139172870627,0.6950313035213428,0.0505393227595888,0.0904389011189485,
severson,random_forest,50,iso,train_calce_no_soh,0.7896252349065769,0.6106433481665574,0.6902353201465632,0.0304259139978229,0.0911189576586394,
severson,random_forest,50,platt,train_calce_no_soh,0.7896252349065769,0.7896252349065769,0.6865334326214817,0.0796443042884187,0.0916043845519768,
severson,xgboost,10,iso,train_nasa+calce_no_soh,0.8557852777058244,0.6214791569991077,0.7762500584125519,0.0330952718302509,0.0854361735038581,
severson,xgboost,10,platt,train_nasa+calce_no_soh,0.8557852777058244,0.8556830301894667,0.776968565583229,0.114385665960334,0.0883099703989701,
severson,xgboost,20,iso,train_nasa+calce_no_soh,0.8603658864191853,0.7246687563734595,0.7005183070898056,0.0961606142586426,0.0904050099776875,
severson,xgboost,20,platt,train_nasa+calce_no_soh,0.8603658864191853,0.8603477450334175,0.7041494622826576,0.1368045932192272,0.089959337222736,
severson,xgboost,30,iso,train_nasa+calce_no_soh,0.8478462176828525,0.6623422342797485,0.6910684987902641,0.051223368151588,0.094438444815124,
severson,xgboost,30,platt,train_nasa+calce_no_soh,0.8478462176828525,0.847828888106886,0.692210254073143,0.1316721779172006,0.0943536447560932,
severson,xgboost,50,iso,train_nasa+calce_no_soh,0.8466122069251844,0.6020624095355785,0.6984059736132622,0.0384326606908964,0.0950158930930072,
severson,xgboost,50,platt,train_nasa+calce_no_soh,0.8466122069251844,0.846438879131439,0.6985311433672905,0.135738213537976,0.0945992534483225,
severson,lightgbm,10,iso,train_nasa+calce_no_soh,0.8443833595247441,0.6210575126688376,0.7495035140878054,0.0315397438129618,0.0858290699893292,
severson,lightgbm,10,platt,train_nasa+calce_no_soh,0.8443833595247441,0.8443833595247441,0.733372098672397,0.1259430743210288,0.0864833062699474,
severson,lightgbm,20,iso,train_nasa+calce_no_soh,0.8084805329024001,0.5945001466416835,0.7416225554284434,0.025560964295851,0.0855573240654967,
severson,lightgbm,20,platt,train_nasa+calce_no_soh,0.8084805329024001,0.8084805329024001,0.7425377100912657,0.165007376044228,0.0856999337590271,
severson,lightgbm,30,iso,train_nasa+calce_no_soh,0.8475310269434744,0.60571889031855,0.7045312988426902,0.0282756259811518,0.0892505767395212,
severson,lightgbm,30,platt,train_nasa+calce_no_soh,0.8475310269434744,0.8475310269434744,0.7041913075587832,0.150033391297915,0.0892735104121301,
severson,lightgbm,50,iso,train_nasa+calce_no_soh,0.810915590840553,0.588948574016252,0.7074902250170105,0.0244600485080537,0.0889235627675382,
severson,lightgbm,50,platt,train_nasa+calce_no_soh,0.810915590840553,0.810915590840553,0.7068844366657021,0.1938834826326664,0.0890301893663105,
severson,random_forest,10,iso,train_nasa+calce_no_soh,0.8580084453492745,0.8377019355767257,0.5359594648987387,0.1173342561876397,0.1303424270932323,
severson,random_forest,10,platt,train_nasa+calce_no_soh,0.8580084453492745,0.8580022610573759,0.6054823407204459,0.1244371433383999,0.1090174192031082,
severson,random_forest,20,iso,train_nasa+calce_no_soh,0.8759678584220356,0.8359578476307508,0.5852423577941727,0.0903806313397781,0.1107528615203119,
severson,random_forest,20,platt,train_nasa+calce_no_soh,0.8759678584220356,0.8759678584220356,0.5681819485023344,0.1131178313269178,0.116330989844874,
severson,random_forest,30,iso,train_nasa+calce_no_soh,0.8781818189887091,0.8435290325659917,0.478140852377069,0.1202043046236184,0.12726091358444,
severson,random_forest,30,platt,train_nasa+calce_no_soh,0.8781818189887091,0.8781818189887091,0.5144553708826785,0.1192279267500103,0.1166434448310762,
severson,random_forest,50,iso,train_nasa+calce_no_soh,0.877063575094264,0.8361409802320885,0.4428292026224446,0.0851782486659173,0.1357486753975693,
severson,random_forest,50,platt,train_nasa+calce_no_soh,0.877063575094264,0.877063575094264,0.4450068424449478,0.116951402598863,0.1155647176550852,
nasa,gru,10,iso,within,0.932968203076849,0.8868368032984776,0.16463532550260424,,,0.0
nasa,gru,10,platt,within,0.932968203076849,0.9302191964889582,0.16456031547859312,,,0.0
nasa,gru,20,iso,within,0.8753362675181566,0.8474835685750239,0.19393469022761564,,,0.0
nasa,gru,20,platt,within,0.8753362675181566,0.8836070123925295,0.19364013166341465,,,0.0
nasa,gru,30,iso,within,0.8783063822234496,0.8254690108413449,0.20323764644563197,,,0.0
nasa,gru,30,platt,within,0.8783063822234496,0.8757127286759238,0.20408029444515705,,,0.0
nasa,gru,50,iso,within,0.8677955141013737,0.8448339552392158,0.19756642456632106,,,0.0
nasa,gru,50,platt,within,0.8677955141013737,0.8677881827230746,0.2021266047959216,,,0.0
calce,gru,10,iso,within,0.9576020784029828,0.880134265438557,0.1381023656576872,,,0.0
calce,gru,10,platt,within,0.9576020784029828,0.9438362204264956,0.1344855360686779,,,0.0
calce,gru,20,iso,within,0.9893221758053542,0.7552661594364776,0.13053522314876317,,,0.0
calce,gru,20,platt,within,0.9893221758053542,0.7786440957031783,0.1267361480742693,,,0.0
calce,gru,30,iso,within,0.9883164341972074,0.7319875008618899,0.12936204820871353,,,0.0
calce,gru,30,platt,within,0.9883164341972074,0.7681480029503407,0.11823389064520598,,,0.0
calce,gru,50,iso,within,0.973078186400711,0.7377899010495159,0.12112889662384987,,,0.0
calce,gru,50,platt,within,0.973078186400711,0.8853197541787111,0.1148759365081787,,,0.0
oxford,gru,10,iso,train_nasa_with_soh,0.05906926406926407,0.5127687590187591,0.7442427396774292,0.0015695377180920008,0.15572873712474405,0.0
oxford,gru,10,platt,train_nasa_with_soh,0.05906926406926407,0.05906926406926407,0.7302574992179871,0.06776037070085744,0.15204909520923707,0.0
oxford,gru,20,iso,train_nasa_with_soh,0.47512056656793505,0.48976911976911985,0.5734787344932556,0.24230987359289247,0.10704343240114907,0.0
oxford,gru,20,platt,train_nasa_with_soh,0.47512056656793505,0.47512056656793505,0.5651796102523804,0.26872926940263064,0.11675104267225149,0.0
oxford,gru,30,iso,train_nasa_with_soh,1.0,0.8398160173160173,0.5038565874099732,0.043180196130934385,0.09511529821445121,0.0
oxford,gru,30,platt,train_nasa_with_soh,1.0,1.0,0.6289548277854919,0.0,0.12740235411125533,0.0
oxford,gru,50,iso,train_nasa_with_soh,0.7445068352699932,0.5,0.21334997415542603,0.0,0.1407016363515769,0.0
oxford,gru,50,platt,train_nasa_with_soh,0.7445068352699932,0.7445068352699932,0.2160076480358839,0.14066809943689135,0.14347639836216172,0.0
oxford,gru,10,iso,train_calce_with_soh,0.6992099187362345,0.5,0.7621249437332154,0.0,0.15946185073098698,0.0
oxford,gru,10,platt,train_calce_with_soh,0.6992099187362345,0.5,0.7621249437332154,0.0,0.15946185073098698,0.0
oxford,gru,20,iso,train_calce_with_soh,1.0,0.5,0.7621249437332154,0.0,0.15946185073098698,0.0
oxford,gru,20,platt,train_calce_with_soh,1.0,0.5,0.7621247887611389,0.0,0.15946180732515278,0.0
oxford,gru,30,iso,train_calce_with_soh,1.0,0.5,0.7621249437332154,0.0,0.15946185073098698,0.0
oxford,gru,30,platt,train_calce_with_soh,1.0,0.8705194805194806,0.7619161367416382,0.16385902702854604,0.15941814907727703,0.0
oxford,gru,50,iso,train_calce_with_soh,0.9270633971291865,0.5,0.7621249437332154,0.0,0.15946185073098698,0.0
oxford,gru,50,platt,train_calce_with_soh,0.9270633971291865,0.93760101010101,0.7614887475967407,0.07096347809215975,0.159328649460127,0.0
oxford,gru,10,iso,train_nasa+calce_with_soh,0.3163650603782183,0.5,0.7621249437332154,0.0,0.15946185073098698,0.0
oxford,gru,10,platt,train_nasa+calce_with_soh,0.3163650603782183,0.551075036075036,0.7601951599121094,0.006278150872368209,0.15905772659763562,0.0
oxford,gru,20,iso,train_nasa+calce_with_soh,0.41758403584719384,0.5,0.7621249437332154,0.0,0.15946185073098698,0.0
oxford,gru,20,platt,train_nasa+calce_with_soh,0.41758403584719384,0.5148520923520923,0.762092399597168,0.00316609774947644,0.1594550817554298,0.0
oxford,gru,30,iso,train_nasa+calce_with_soh,0.3196385661122503,0.5,0.7621249437332154,0.0,0.15946185073098698,0.0
oxford,gru,30,platt,train_nasa+calce_with_soh,0.3196385661122503,0.5,0.7621249437332154,0.0,0.15946185073098698,0.0
oxford,gru,50,iso,train_nasa+calce_with_soh,0.713361281992861,0.5,0.7621249437332154,0.0,0.15946185073098698,0.0
oxford,gru,50,platt,train_nasa+calce_with_soh,0.713361281992861,0.5922384559884561,0.7610775589942932,0.014630114684439954,0.15924270769700513,0.0
oxford,gru,10,iso,train_nasa_no_soh,0.39721933621933625,0.35418888129414444,0.6774397850036621,0.07601385743167786,0.14345319905021783,0.0
oxford,gru,10,platt,train_nasa_no_soh,0.39721933621933625,0.39721933621933625,0.6509868741035462,0.10392800752748263,0.135579344276203,0.0
oxford,gru,20,iso,train_nasa_no_soh,0.3088095238095238,0.5,0.7621249437332154,0.0,0.15946185073098698,0.0
oxford,gru,20,platt,train_nasa_no_soh,0.3088095238095238,0.3088095238095238,0.7096620678901673,0.31436110206946893,0.1481916420258674,0.0
oxford,gru,30,iso,train_nasa_no_soh,0.35789838231943494,0.38956652996126684,0.5882855772972106,0.1368920446547412,0.12309127954597937,0.0
oxford,gru,30,platt,train_nasa_no_soh,0.35789838231943494,0.35789838231943494,0.6301198720932006,0.23718166766855106,0.13291985389430663,0.0
oxford,gru,50,iso,train_nasa_no_soh,0.7679693552061974,0.5,0.5090120792388916,0.0,0.09897628990071985,0.0
oxford,gru,50,platt,train_nasa_no_soh,0.7679693552061974,0.7597456709956709,0.6858347415924072,0.018712308993321686,0.14305657242809677,0.0
oxford,gru,10,iso,train_calce_no_soh,0.005555555555555558,0.5,0.7621249437332154,0.0,0.15946185073098698,0.0
oxford,gru,10,platt,train_calce_no_soh,0.005555555555555558,0.5,0.7621249437332154,0.0,0.15946185073098698,0.0
oxford,gru,20,iso,train_calce_no_soh,0.030119047619047636,0.5,0.7621249437332154,0.0,0.15946185073098698,0.0
oxford,gru,20,platt,train_calce_no_soh,0.030119047619047636,0.030681096681096687,0.7618903398513794,0.0414738139464336,0.15941276652692074,0.0
oxford,gru,30,iso,train_calce_no_soh,0.0019047619047619052,0.5,0.7621249437332154,0.0,0.15946185073098698,0.0
oxford,gru,30,platt,train_calce_no_soh,0.0019047619047619052,0.5,0.7621247887611389,0.0,0.15946180732515278,0.0
oxford,gru,50,iso,train_calce_no_soh,0.18342667274246222,0.5,0.7621249437332154,0.0,0.15946185073098698,0.0
oxford,gru,50,platt,train_calce_no_soh,0.18342667274246222,0.5,0.7621249437332154,0.0,0.15946185073098698,0.0
oxford,gru,10,iso,train_nasa+calce_no_soh,0.5675127022100706,0.5,0.7621249437332154,0.0,0.15946185073098698,0.0
oxford,gru,10,platt,train_nasa+calce_no_soh,0.5675127022100706,0.5,0.7621249437332154,0.0,0.15946185073098698,0.0
oxford,gru,20,iso,train_nasa+calce_no_soh,0.048313492063492065,0.5,0.7621249437332154,0.0,0.15946185073098698,0.0
oxford,gru,20,platt,train_nasa+calce_no_soh,0.048313492063492065,0.11508714969241285,0.7619658589363099,0.06545254653939406,0.1594285200533046,0.0
oxford,gru,30,iso,train_nasa+calce_no_soh,0.005555555555555558,0.5,0.7621249437332154,0.0,0.15946185073098698,0.0
oxford,gru,30,platt,train_nasa+calce_no_soh,0.005555555555555558,0.008442982456140355,0.7619918584823608,0.016613199093437437,0.15943424334513198,0.0
oxford,gru,50,iso,train_nasa+calce_no_soh,0.0,0.5,0.7621249437332154,0.0,0.15946185073098698,0.0
oxford,gru,50,platt,train_nasa+calce_no_soh,0.0,0.5,0.7621240854263306,0.0,0.15946169454808296,0.0
severson,gru,10,iso,train_nasa_with_soh,0.5584712972849313,0.4985176949357112,0.019397721557780075,0.05995619606067159,0.04092443895823534,0.0
severson,gru,10,platt,train_nasa_with_soh,0.5584712972849313,0.5584534322772053,0.019445376460175925,0.26545516214894965,0.04160216489890687,0.0
severson,gru,20,iso,train_nasa_with_soh,0.5782988847753443,0.4964004941432532,0.0213587733100541,0.022130257825833683,0.043827222558958344,0.0
severson,gru,20,platt,train_nasa_with_soh,0.5782988847753443,0.5783054166154774,0.021135677937028897,0.295129835822391,0.044693319841937085,0.0
severson,gru,30,iso,train_nasa_with_soh,0.5598289145757044,0.5,0.02545827030994684,0.0,0.053719798172291104,0.0
severson,gru,30,platt,train_nasa_with_soh,0.5598289145757044,0.5598288334909928,0.02532462482490668,0.2674701316518313,0.053134061140230365,0.0
severson,gru,50,iso,train_nasa_with_soh,0.5968763676499362,0.5010330566815526,0.03400488018236992,0.07180648357661093,0.06618680152296054,0.0
severson,gru,50,platt,train_nasa_with_soh,0.5968763676499362,0.5968726234895848,0.03367874384676847,0.2924742544588999,0.06631309190412996,0.0
severson,gru,10,iso,train_calce_with_soh,0.5066232128991514,0.5,0.9833031296730042,0.0,0.04044011098686048,0.0
severson,gru,10,platt,train_calce_with_soh,0.5066232128991514,0.5,0.9833031296730042,0.0,0.04044011098686048,0.0
severson,gru,20,iso,train_calce_with_soh,0.5751227192691184,0.5,0.9788688150703484,0.0,0.04679798352868338,0.0
severson,gru,20,platt,train_calce_with_soh,0.5751227192691184,0.5,0.978868731792937,0.0,0.046797983920680256,0.0
severson,gru,30,iso,train_calce_with_soh,0.43561184711665796,0.5,0.9745417681146176,0.0,0.05371981999742932,0.0
severson,gru,30,platt,train_calce_with_soh,0.43561184711665796,0.43880519787530137,0.9742746348922134,0.25918593990661687,0.05370525093235979,0.0
severson,gru,50,iso,train_calce_with_soh,0.40577472714048046,0.5,0.9658862893463026,0.0,0.06789104418802186,0.0
severson,gru,50,platt,train_calce_with_soh,0.40577472714048046,0.4733151723710915,0.965079146919521,0.16163798789395467,0.06783434682510357,0.0
severson,gru,10,iso,train_nasa+calce_with_soh,0.4948512751081111,0.501452967446772,0.8455761058110718,0.0472574915559513,0.03593019868234435,0.0
severson,gru,10,platt,train_nasa+calce_with_soh,0.4948512751081111,0.4948532249587228,0.9560561569024485,0.3305703720339805,0.039912153741859156,0.0
severson,gru,20,iso,train_nasa+calce_with_soh,0.47998746437628115,0.4906646642914982,0.06524246128976546,0.10541720239074463,0.07819748109402504,0.0
severson,gru,20,platt,train_nasa+calce_with_soh,0.47998746437628115,0.4799873124673416,0.070291141325489,0.2376081942195097,0.08062263933287918,0.0
severson,gru,30,iso,train_nasa+calce_with_soh,0.48253721253967646,0.5198483439070222,0.2559672386009008,0.27567167517314944,0.08953434331258434,0.0
severson,gru,30,platt,train_nasa+calce_with_soh,0.48253721253967646,0.48259607950639155,0.259145837541379,0.3350320704269417,0.09746261578012007,0.0
severson,gru,50,iso,train_nasa+calce_with_soh,0.5175244759828719,0.49998388136686006,0.03411380645442516,9.118075837350963e-05,0.06789124692842216,0.0
severson,gru,50,platt,train_nasa+calce_with_soh,0.5175244759828719,0.5175276602206383,0.04740789574934236,0.3184514853969706,0.04692612238026676,0.0
severson,gru,10,iso,train_nasa_no_soh,0.47579710515397255,0.5095094871786827,0.3184854719178513,0.22987243273310823,0.21614331924979652,0.0
severson,gru,10,platt,train_nasa_no_soh,0.47579710515397255,0.4757968342816336,0.3189114877022803,0.3257292235926268,0.20633880798442977,0.0
severson,gru,20,iso,train_nasa_no_soh,0.4883550013159098,0.45605497989554644,0.26859613862963544,0.24168683691848028,0.19909517245137226,0.0
severson,gru,20,platt,train_nasa_no_soh,0.4883550013159098,0.48833852328737515,0.26712972738207086,0.3331832260552912,0.20472213154812374,0.0
severson,gru,30,iso,train_nasa_no_soh,0.48103176331605374,0.5654431750067938,0.10257225605855896,0.20555591850363575,0.0691678027505017,0.0
severson,gru,30,platt,train_nasa_no_soh,0.48103176331605374,0.48103263459352075,0.19785193808700646,0.33349487172654846,0.14990667049081116,0.0
severson,gru,50,iso,train_nasa_no_soh,0.5377674835844227,0.5653614219622215,0.21131795601496564,0.24698485652556953,0.17046100939866768,0.0
severson,gru,50,platt,train_nasa_no_soh,0.5377674835844227,0.5377675355413667,0.2420723037234861,0.3171740194899221,0.19943611995095115,0.0
severson,gru,10,iso,train_calce_no_soh,0.4943425370974346,0.5,0.9833031296730042,0.0,0.04044011098686048,0.0
severson,gru,10,platt,train_calce_no_soh,0.4943425370974346,0.5,0.9833031296730042,0.0,0.04044011098686048,0.0
severson,gru,20,iso,train_calce_no_soh,0.4439759666102907,0.5,0.9788688150703484,0.0,0.04679798352868338,0.0
severson,gru,20,platt,train_calce_no_soh,0.4439759666102907,0.4444844228884971,0.9785520565425251,0.28974542238162065,0.046787031981220334,0.0
severson,gru,30,iso,train_calce_no_soh,0.48477472069093863,0.5,0.9745417681146176,0.0,0.05371981999742932,0.0
severson,gru,30,platt,train_calce_no_soh,0.48477472069093863,0.5,0.974541685259934,0.0,0.05371981847558758,0.0
severson,gru,50,iso,train_calce_no_soh,0.5240280629957834,0.5,0.9658862893463026,0.0,0.06789104418802186,0.0
severson,gru,50,platt,train_calce_no_soh,0.5240280629957834,0.5,0.9658862893463026,0.0,0.06789104418802186,0.0
severson,gru,10,iso,train_nasa+calce_no_soh,0.5297235572807727,0.5,0.9832294756639088,0.0,0.04041555659230757,0.0
severson,gru,10,platt,train_nasa+calce_no_soh,0.5297235572807727,0.5313264301293861,0.983231616358385,0.14949223856081542,0.04041662500023699,0.0
severson,gru,20,iso,train_nasa+calce_no_soh,0.4899403496800984,0.48764509536087747,0.3911712822406916,0.3126463194750848,0.1725957261429184,0.0
severson,gru,20,platt,train_nasa+calce_no_soh,0.4899403496800984,0.48994129938460484,0.42316603354105714,0.3313549125656481,0.18313767114061105,0.0
severson,gru,30,iso,train_nasa+calce_no_soh,0.4844730671401996,0.4805131780729955,0.5287782955148541,0.31276911966427373,0.08587293628964686,0.0
severson,gru,30,platt,train_nasa+calce_no_soh,0.4844730671401996,0.48447265977791504,0.7126250825293944,0.3405372955441005,0.1097698467113985,0.0
severson,gru,50,iso,train_nasa+calce_no_soh,0.49532649596886663,0.5137796149744871,0.13993242346138382,0.23466458281325148,0.08494284983216654,0.0
severson,gru,50,platt,train_nasa+calce_no_soh,0.49532649596886663,0.4953266941008973,0.15244080040418934,0.2866298478149346,0.08088726336480825,0.0
